,id,name,status,species,type,gender,origin,location,episodes_appeared_count,episodes_appeared
0,1,Rick Sanchez,Alive,Human,,Male,Earth (C-137),Citadel of Ricks,51,"[1, 2, 3, 4, 5, 6, 7, 8, 9, 10, 11, 12, 13, 14, 15, 16, 17, 18, 19, 20, 21, 22, 23, 24, 25, 26, 27, 28, 29, 30, 31, 32, 33, 34, 35, 36, 37, 38, 39, 40, 41, 42, 43, 44, 45, 46, 47, 48, 49, 50, 51]"
1,2,Morty Smith,Alive,Human,,Male,unknown,Citadel of Ricks,51,"[1, 2, 3, 4, 5, 6, 7, 8, 9, 10, 11, 12, 13, 14, 15, 16, 17, 18, 19, 20, 21, 22, 23, 24, 25, 26, 27, 28, 29, 30, 31, 32, 33, 34, 35, 36, 37, 38, 39, 40, 41, 42, 43, 44, 45, 46, 47, 48, 49, 50, 51]"
2,3,Summer Smith,Alive,Human,,Female,Earth (Replacement Dimension),Earth (Replacement Dimension),42,"[6, 7, 8, 9, 10, 11, 12, 14, 15, 16, 17, 18, 19, 20, 21, 22, 23, 24, 25, 26, 27, 29, 30, 31, 32, 33, 34, 35, 36, 38, 39, 40, 41, 42, 43, 44, 45, 46, 47, 48, 49, 51]"
3,4,Beth Smith,Alive,Human,,Female,Earth (Replacement Dimension),Earth (Replacement Dimension),42,"[6, 7, 8, 9, 10, 11, 12, 14, 15, 16, 18, 19, 20, 21, 22, 23, 24, 25, 26, 27, 28, 29, 30, 31, 32, 33, 34, 35, 36, 38, 39, 40, 41, 42, 43, 44, 45, 46, 47, 48, 49, 51]"
4,5,Jerry Smith,Alive,Human,,Male,Earth (Replacement Dimension),Earth (Replacement Dimension),39,"[6, 7, 8, 9, 10, 11, 12, 13, 14, 15, 16, 18, 19, 20, 21, 22, 23, 26, 29, 30, 31, 32, 33, 35, 36, 38, 39, 40, 41, 42, 43, 44, 45, 46, 47, 48, 49, 50, 51]"
5,6,Abadango Cluster Princess,Alive,Alien,,Female,Abadango,Abadango,1,[27]
6,7,Abradolf Lincler,unknown,Human,Genetic experiment,Male,Earth (Replacement Dimension),Testicle Monster Dimension,2,"[10, 11]"
7,8,Adjudicator Rick,Dead,Human,,Male,unknown,Citadel of Ricks,1,[28]
8,9,Agency Director,Dead,Human,,Male,Earth (Replacement Dimension),Earth (Replacement Dimension),1,[24]
9,10,Alan Rails,Dead,Human,Superhuman (Ghost trains summoner),Male,unknown,Worldender's lair,1,[25]
10,11,Albert Einstein,Dead,Human,,Male,Earth (C-137),Earth (Replacement Dimension),1,[12]
11,12,Alexander,Dead,Human,,Male,Earth (C-137),Anatomy Park,1,[3]
12,13,Alien Googah,unknown,Alien,,unknown,unknown,Earth (Replacement Dimension),1,[31]
13,14,Alien Morty,unknown,Alien,,Male,unknown,Citadel of Ricks,1,[10]
14,15,Alien Rick,unknown,Alien,,Male,unknown,Citadel of Ricks,1,[10]
15,16,Amish Cyborg,Dead,Alien,Parasite,Male,unknown,Earth (Replacement Dimension),1,[15]
16,17,Annie,Alive,Human,,Female,Earth (C-137),Anatomy Park,1,[3]
17,18,Antenna Morty,Alive,Human,Human with antennae,Male,unknown,Citadel of Ricks,2,"[10, 28]"
18,19,Antenna Rick,unknown,Human,Human with antennae,Male,unknown,unknown,1,[10]
19,20,Ants in my Eyes Johnson,unknown,Human,Human with ants in his eyes,Male,unknown,Interdimensional Cable,1,[8]
20,21,Aqua Morty,unknown,Humanoid,Fish-Person,Male,unknown,Citadel of Ricks,2,"[10, 22]"
21,22,Aqua Rick,unknown,Humanoid,Fish-Person,Male,unknown,Citadel of Ricks,3,"[10, 22, 28]"
22,23,Arcade Alien,unknown,Alien,,Male,unknown,Immortality Field Resort,5,"[13, 19, 21, 25, 26]"
23,24,Armagheadon,Alive,Alien,Cromulon,Male,Signus 5 Expanse,Signus 5 Expanse,1,[16]
24,25,Armothy,Dead,unknown,Self-aware arm,Male,Post-Apocalyptic Earth,Post-Apocalyptic Earth,1,[23]
25,26,Arthricia,Alive,Alien,Cat-Person,Female,Purge Planet,Purge Planet,1,[20]
26,27,Artist Morty,Alive,Human,,Male,unknown,Citadel of Ricks,2,"[10, 28]"
27,28,Attila Starwar,Alive,Human,,Male,unknown,Interdimensional Cable,3,"[8, 13, 17]"
28,29,Baby Legs,Alive,Human,Human with baby legs,Male,unknown,Interdimensional Cable,1,[8]
29,30,Baby Poopybutthole,Alive,Poopybutthole,,Male,unknown,unknown,1,[31]
30,31,Baby Wizard,Dead,Alien,Parasite,Male,unknown,Earth (Replacement Dimension),1,[15]
31,32,Bearded Lady,Dead,Alien,Parasite,Female,unknown,Earth (Replacement Dimension),1,[15]
32,33,Beebo,Dead,Alien,,Male,Venzenulon 7,Venzenulon 7,1,[29]
33,34,Benjamin,Alive,Poopybutthole,,Male,unknown,Interdimensional Cable,3,"[8, 13, 17]"
34,35,Bepisian,Alive,Alien,Bepisian,unknown,Bepis 9,Bepis 9,4,"[1, 11, 19, 25]"
35,36,Beta-Seven,Alive,Alien,Hivemind,unknown,unknown,unknown,1,[14]
36,37,Beth Sanchez,Alive,Human,,Female,Earth (C-500A),Earth (C-500A),1,[8]
37,38,Beth Smith,Alive,Human,,Female,Earth (C-137),Earth (C-137),8,"[1, 2, 3, 4, 5, 6, 22, 51]"
38,39,Beth Smith,Alive,Human,,Female,Earth (Evil Rick's Target Dimension),Earth (Evil Rick's Target Dimension),1,[10]
39,40,Beth's Mytholog,Dead,Mythological Creature,Mytholog,Female,Nuptia 4,Nuptia 4,1,[18]
40,41,Big Boobed Waitress,Alive,Mythological Creature,,Female,Fantasy World,Fantasy World,1,[5]
41,42,Big Head Morty,unknown,Human,Human with giant head,Male,unknown,Citadel of Ricks,1,[22]
42,43,Big Morty,Dead,Human,,Male,unknown,Citadel of Ricks,1,[28]
43,44,Body Guard Morty,Dead,Human,,Male,unknown,Citadel of Ricks,1,[28]
44,45,Bill,Alive,Human,,Male,Earth (C-137),Earth (C-137),1,[3]
45,46,Bill,unknown,Animal,Dog,Male,Earth (Replacement Dimension),unknown,1,[2]
46,47,Birdperson,Alive,Alien,Bird-Person,Male,Bird World,Planet Squanch,7,"[11, 16, 21, 22, 26, 49, 51]"
47,48,Black Rick,Alive,Human,,Male,unknown,Citadel of Ricks,2,"[22, 28]"
48,49,Blamph,Alive,Alien,,unknown,unknown,Interdimensional Cable,1,[19]
49,50,Blim Blam,Alive,Alien,Korblock,Male,unknown,Earth (Replacement Dimension),1,[14]
50,51,Blue Diplomat,Alive,Alien,,Male,unknown,Interdimensional Cable,1,[19]
51,52,Blue Footprint Guy,Dead,Human,,Male,Post-Apocalyptic Earth,Post-Apocalyptic Earth,1,[23]
52,53,Blue Shirt Morty,unknown,Human,,Male,unknown,Citadel of Ricks,1,[10]
53,54,Bobby Moynihan,Alive,Human,,Male,unknown,Interdimensional Cable,1,[8]
54,55,Boobloosian,Dead,Alien,Boobloosian,unknown,unknown,Nuptia 4,2,"[18, 21]"
55,56,Bootleg Portal Chemist Rick,Dead,Human,,Male,unknown,Citadel of Ricks,1,[28]
56,57,Borpocian,Alive,Alien,Elephant-Person,Male,unknown,unknown,1,[22]
57,58,Brad,Alive,Human,,Male,Earth (Replacement Dimension),Earth (Replacement Dimension),4,"[6, 11, 30, 46]"
58,59,Brad Anderson,Dead,Human,,Male,Earth (Replacement Dimension),Earth (Replacement Dimension),1,[7]
59,60,Calypso,Dead,Human,Superhuman,Female,unknown,unknown,1,[25]
60,61,Campaign Manager Morty,Dead,Human,,Male,unknown,Citadel of Ricks,1,[28]
61,62,Canklanker Thom,Dead,Alien,Gromflomite,Male,Gromflom Prime,unknown,1,[1]
62,63,Centaur,Alive,Mythological Creature,Centaur,Male,unknown,Mr. Goldenfold's dream,1,[2]
63,64,Chris,Dead,Alien,Organic gun,unknown,unknown,Earth (Replacement Dimension),1,[12]
64,65,Chris,Alive,Humanoid,Microverse inhabitant,Male,Rick's Battery Microverse,Rick's Battery Microverse,1,[17]
65,66,Coach Feratu (Balik Alistane),Dead,Mythological Creature,Vampire,Male,Earth (Replacement Dimension),Earth (Replacement Dimension),1,[18]
66,67,Collector,Alive,Alien,Light bulb-Alien,Male,The Menagerie,The Menagerie,1,[29]
67,68,Colossus,Dead,Human,,Male,Post-Apocalyptic Earth,Post-Apocalyptic Earth,1,[23]
68,69,Commander Rick,Dead,Human,,Male,unknown,Citadel of Ricks,1,[22]
69,70,Concerto,Dead,Humanoid,,Male,unknown,unknown,1,[24]
70,71,Conroy,Dead,Robot,,unknown,Earth (Replacement Dimension),Earth (C-137),1,[22]
71,72,Cool Rick,Alive,Human,,Male,Earth (K-83),Citadel of Ricks,1,[28]
72,73,Cop Morty,Dead,Human,,Male,unknown,Citadel of Ricks,1,[28]
73,74,Cop Rick,Alive,Human,,Male,unknown,Citadel of Ricks,1,[28]
74,75,Courier Flap,Alive,Alien,,unknown,unknown,Planet Squanch,1,[21]
75,76,Cousin Nicky,Dead,Alien,Parasite,Male,unknown,Earth (Replacement Dimension),1,[15]
76,77,Cowboy Morty,Alive,Human,,Male,unknown,Citadel of Ricks,1,[10]
77,78,Cowboy Rick,Alive,Human,,Male,unknown,Citadel of Ricks,2,"[10, 28]"
78,79,Crab Spider,Alive,Alien,Animal,unknown,Hideout Planet,Hideout Planet,1,[10]
79,80,Creepy Little Girl,Alive,Human,,Female,unknown,Mr. Goldenfold's dream,1,[2]
80,81,Crocubot,Dead,Animal,Robot-Crocodile hybrid,Male,unknown,Worldender's lair,1,[25]
81,82,Cronenberg Rick,unknown,Cronenberg,,Male,Cronenberg Earth,Earth (C-137),2,"[6, 10]"
82,83,Cronenberg Morty,unknown,Cronenberg,,Male,Cronenberg Earth,Earth (C-137),2,"[6, 10]"
83,84,Cult Leader Morty,Alive,Human,,Male,unknown,Hideout Planet,1,[10]
84,85,Cyclops Morty,Alive,Humanoid,,Male,unknown,Citadel of Ricks,2,"[10, 28]"
85,86,Cyclops Rick,Dead,Humanoid,,Male,unknown,Citadel of Ricks,3,"[10, 22, 28]"
86,87,Cynthia,Dead,Alien,Zigerion,Female,unknown,Zigerion's Base,1,[4]
87,88,Cynthia,Alive,Human,,Female,Earth (Replacement Dimension),Earth (Replacement Dimension),4,"[8, 9, 11, 25]"
88,89,Dale,Dead,Mythological Creature,Giant,Male,Giant's Town,Giant's Town,1,[5]
89,90,Daron Jefferson,Alive,Alien,Cone-nippled alien,Male,Unity's Planet,Unity's Planet,1,[14]
90,91,David Letterman,Alive,Human,,Male,Earth (C-500A),Earth (C-500A),1,[8]
91,92,Davin,Dead,Human,,Male,Earth (C-137),Earth (C-137),2,"[1, 6]"
92,93,Diablo Verde,Dead,Mythological Creature,Demon,Male,unknown,Dorian 5,1,[25]
93,94,Diane Sanchez,Dead,Human,,Female,Earth (C-137),Rick's Memories,2,"[22, 51]"
94,95,Dipper and Mabel Mortys,unknown,Human,,unknown,unknown,Citadel of Ricks,1,[22]
95,96,Tuberculosis,Dead,Disease,,unknown,Anatomy Park,Anatomy Park,1,[3]
96,97,Gonorrhea,Dead,Disease,,unknown,Anatomy Park,Anatomy Park,1,[3]
97,98,Hepatitis A,Dead,Disease,,unknown,Anatomy Park,Anatomy Park,1,[3]
98,99,Hepatitis C,Dead,Disease,,unknown,Anatomy Park,Anatomy Park,1,[3]
99,100,Bubonic Plague,Dead,Disease,,unknown,Anatomy Park,Anatomy Park,1,[3]
100,101,E. Coli,Dead,Disease,,unknown,Anatomy Park,Anatomy Park,1,[3]
101,102,Donna Gueterman,Dead,Robot,,Female,unknown,Planet Squanch,1,[21]
102,103,Doofus Rick,unknown,Human,,Male,Earth (J19ζ7),Earth (Replacement Dimension),2,"[10, 22]"
103,104,Doom-Nomitron,Dead,Alien,Shapeshifter,unknown,unknown,Dorian 5,1,[25]
104,105,Dr. Glip-Glop,Dead,Alien,,Male,unknown,St. Gloopy Noops Hospital,1,[19]
105,106,Dr. Schmidt,unknown,Human,Game,Male,Roy: A Life Well Lived,Roy: A Life Well Lived,1,[13]
106,107,Dr. Wong,Alive,Human,,Female,Earth (Replacement Dimension),Earth (Replacement Dimension),2,"[24, 41]"
107,108,Dr. Xenon Bloom,Dead,Humanoid,Amoeba-Person,Male,unknown,Anatomy Park,1,[3]
108,109,Duck With Muscles,Dead,Alien,Parasite,Male,unknown,Earth (Replacement Dimension),1,[15]
109,110,Eli,Alive,Human,,Male,Post-Apocalyptic Earth,Post-Apocalyptic Earth,1,[23]
110,111,Eli's Girlfriend,Alive,Human,,Female,Post-Apocalyptic Earth,Post-Apocalyptic Earth,1,[23]
111,112,Eric McMan,Alive,Human,,Male,Earth (C-137),Earth (C-137),1,[3]
112,113,Eric Stoltz Mask Morty,unknown,Human,,Male,Eric Stoltz Mask Earth,Earth (Replacement Dimension),1,[10]
113,114,Ethan,unknown,Human,Cronenberg,Male,Earth (C-137),Earth (C-137),1,[3]
114,115,Ethan,Alive,Human,,Male,Earth (Replacement Dimension),Earth (Replacement Dimension),2,"[16, 26]"
115,116,Evil Beth Clone,Dead,Human,Clone,Female,unknown,Earth (C-137),1,[5]
116,117,Evil Jerry Clone,Dead,Human,Clone,Male,unknown,Earth (C-137),1,[5]
117,118,Evil Morty,Alive,Human,,Male,unknown,Citadel of Ricks,3,"[10, 28, 51]"
118,119,Evil Rick,Dead,Humanoid,Robot,Male,unknown,Citadel of Ricks,1,[10]
119,120,Evil Summer Clone,Dead,Human,Clone,Female,unknown,Earth (C-137),1,[5]
120,121,Eyehole Man,Alive,Alien,,Male,unknown,Interdimensional Cable,1,[19]
121,122,Fart,Dead,Alien,Interdimensional gaseous being,Male,unknown,unknown,1,[13]
122,123,Fat Morty,Alive,Human,,Male,unknown,Citadel of Ricks,1,[28]
123,124,Father Bob,Alive,Human,,Male,Earth (Replacement Dimension),Earth (Replacement Dimension),2,"[16, 27]"
124,125,Flansian,Alive,Alien,Flansian,unknown,unknown,Planet Squanch,3,"[18, 21, 25]"
125,126,Fleeb,unknown,Alien,,unknown,unknown,Interdimensional Cable,1,[19]
126,127,Frank Palicky,Dead,Human,,Male,Earth (C-137),Earth (C-137),1,[1]
127,128,Frankenstein's Monster,Dead,Alien,Parasite,Male,unknown,Earth (Replacement Dimension),1,[15]
128,129,Fulgora,Alive,Human,,Female,unknown,Interdimensional Cable,3,"[8, 13, 17]"
129,130,Galactic Federation President,Dead,Alien,Gromflomite,Male,unknown,unknown,1,[21]
130,131,Gar Gloonch,Dead,Alien,Zombodian,Male,unknown,Nuptia 4,3,"[13, 18, 21]"
131,132,Gar's Mytholog,Dead,Mythological Creature,Mytholog,Male,Nuptia 4,Nuptia 4,1,[18]
132,133,Garblovian,Alive,Alien,Garblovian,Male,Glaagablaaga,unknown,3,"[13, 19, 21]"
133,134,Garmanarnar,Alive,Alien,,Male,unknown,Interdimensional Cable,1,[8]
134,135,Garment District Rick,Dead,Human,,Male,unknown,Citadel of Ricks,1,[28]
135,136,Gazorpazorpfield,Alive,Alien,Gazorpian,Male,Gazorpazorp,Interdimensional Cable,2,"[8, 13]"
136,137,Gene,Alive,Human,,Male,Earth (Replacement Dimension),Earth (Replacement Dimension),2,"[26, 49]"
137,138,General Nathan,Dead,Human,,Male,Earth (Replacement Dimension),Earth (Replacement Dimension),1,[16]
138,139,General Store Owner,Dead,Alien,Cat-Person,Male,Purge Planet,Purge Planet,1,[20]
139,140,Genital Washer,Alive,Human,,Male,Post-Apocalyptic Earth,Post-Apocalyptic Earth,1,[23]
140,141,Ghost in a Jar,Dead,Alien,Parasite,Genderless,unknown,Earth (Replacement Dimension),1,[15]
141,142,Gibble Snake,Dead,Alien,Animal,unknown,Resort Planet,Resort Planet,1,[26]
142,143,Glasses Morty,Alive,Human,,Male,unknown,Citadel of Ricks,1,[28]
143,144,Glenn,Dead,Alien,Gromflomite,Male,unknown,Interdimensional Customs,1,[1]
144,145,Glenn,Alive,Human,Eat shiter-Person,Male,unknown,Interdimensional Cable,1,[8]
145,146,Glexo Slim Slom,Alive,Alien,,Male,unknown,Nuptia 4,1,[18]
146,147,Gobo,Dead,Alien,,Male,unknown,Earth (Replacement Dimension),1,[29]
147,148,Goddess Beth,unknown,Mythological Creature,Goddess,Female,Nuptia 4,Nuptia 4,1,[18]
148,149,Gordon Lunas,Dead,Human,,Male,unknown,Earth (Replacement Dimension),1,[29]
149,150,Cornvelious Daniel,Dead,Alien,Gromflomite,Male,unknown,Galactic Federation Prison,1,[22]
150,151,Gwendolyn,unknown,Robot,Gazorpian reproduction robot,Female,Gazorpazorp,Earth (Replacement Dimension),1,[7]
151,152,Hammerhead Morty,unknown,Humanoid,Hammerhead-Person,Male,unknown,Citadel of Ricks,2,"[10, 22]"
152,153,Hamster In Butt,Alive,Animal,,unknown,Hamster in Butt World,Hamster in Butt World,2,"[8, 19]"
153,154,Hamurai,Dead,Alien,Parasite,Male,unknown,Earth (Replacement Dimension),1,[15]
154,155,Harold,Alive,Cronenberg,,Male,Earth (C-137),Earth (C-137),1,[6]
155,156,Hemorrhage,Alive,Human,,Male,Post-Apocalyptic Earth,Post-Apocalyptic Earth,1,[23]
156,157,Hole in the Wall Where the Men Can See it All,unknown,unknown,Hole,Genderless,unknown,Interdimensional Cable,1,[8]
157,158,Hookah Alien,Alive,Alien,Tuskfish,unknown,unknown,Interdimensional Customs,1,[1]
158,159,Hunter,Dead,Human,Clone,Male,Earth (Giant Telepathic Spiders Dimension),Earth (Giant Telepathic Spiders Dimension),1,[17]
159,160,Hunter's Father,Alive,Human,,Male,Earth (Giant Telepathic Spiders Dimension),Earth (Giant Telepathic Spiders Dimension),1,[17]
160,161,Hydrogen-F,Alive,Alien,Alphabetrian,Female,Alphabetrium,Alphabetrium,1,[16]
161,162,Ice-T,Alive,Alien,Alphabetrian,Male,Alphabetrium,Alphabetrium,1,[16]
162,163,Ideal Jerry,Dead,Mythological Creature,Mytholog,Male,Nuptia 4,Nuptia 4,1,[18]
163,164,Insurance Rick,unknown,Human,,Male,unknown,Citadel of Ricks,1,[10]
164,165,Investigator Rick,Dead,Human,,Male,unknown,Citadel of Ricks,1,[28]
165,166,Invisi-trooper,Alive,Human,,Male,Earth (Replacement Dimension),Earth (Replacement Dimension),1,[31]
166,167,Izzy,Alive,Animal,Cat,unknown,Earth (Replacement Dimension),Earth (Replacement Dimension),1,[24]
167,168,Jackie,Alive,Alien,Gazorpian,Female,Gazorpazorp,Gazorpazorp,1,[7]
168,169,Jacob,Alive,Human,,Male,Earth (C-137),Earth (C-137),2,"[3, 15]"
169,170,Jacqueline,Alive,Human,,Female,Earth (Replacement Dimension),Earth (Replacement Dimension),1,[27]
170,171,Jaguar,Alive,Human,,Male,Earth (Replacement Dimension),Earth (Replacement Dimension),1,[24]
171,172,Jamey,Alive,Human,,Male,Earth (Replacement Dimension),Earth (Replacement Dimension),1,[16]
172,173,Jan-Michael Vincent,Alive,Human,,Male,unknown,Interdimensional Cable,1,[19]
173,174,Jerry 5-126,Alive,Human,,Male,Earth (5-126),Jerryboree,1,[13]
174,175,Jerry Smith,Alive,Human,,Male,Earth (C-137),Earth (C-137),7,"[1, 2, 3, 4, 5, 6, 22]"
175,176,Celebrity Jerry,Alive,Human,,Male,Earth (C-500A),Earth (C-500A),1,[8]
176,177,Jerry Smith,Alive,Human,,Male,Earth (Evil Rick's Target Dimension),Earth (Evil Rick's Target Dimension),1,[10]
177,178,Jerry's Mytholog,Dead,Mythological Creature,Mytholog,Male,Nuptia 4,Nuptia 4,1,[18]
178,179,Jessica,Alive,Cronenberg,,Female,Earth (C-137),Earth (C-137),3,"[1, 4, 6]"
179,180,Jessica,Alive,Human,Time God,Female,Earth (Replacement Dimension),Earth (Replacement Dimension),12,"[11, 13, 17, 18, 26, 27, 28, 29, 30, 32, 39, 42]"
180,181,Jessica's Friend,Alive,Human,,Female,Earth (C-137),Earth (Replacement Dimension),8,"[1, 4, 6, 11, 17, 18, 25, 27]"
181,182,Jim,Alive,Human,,Male,Earth (Replacement Dimension),Earth (Replacement Dimension),1,[16]
182,183,Johnny Depp,Alive,Human,,Male,Earth (C-500A),Earth (C-500A),1,[8]
183,184,Jon,Alive,Alien,Gazorpian,Male,Gazorpazorp,Interdimensional Cable,1,[8]
184,185,Joseph Eli Lipkip,Alive,Human,,Male,Earth (Replacement Dimension),Earth (Replacement Dimension),1,[30]
185,186,Joyce Smith,Alive,Human,,Female,Earth (C-137),Earth (C-137),1,[3]
186,187,Juggling Rick,unknown,Human,,Male,unknown,Citadel of Ricks,1,[28]
187,188,Karen Entity,Alive,Alien,Unknown-nippled alien,Female,Unity's Planet,Unity's Planet,1,[14]
188,189,Katarina,Dead,Human,,Female,Earth (Replacement Dimension),Earth (Replacement Dimension),1,[24]
189,190,Keara,Alive,Alien,Krootabulan,Female,Krootabulon,Earth (Replacement Dimension),1,[30]
190,191,Kevin,Dead,Alien,Zigerion,Male,unknown,Zigerion's Base,1,[4]
191,192,King Flippy Nips,Alive,Alien,Plutonian,Male,Pluto,Pluto,1,[9]
192,193,King Jellybean,Dead,Mythological Creature,Jellybean,Male,Fantasy World,Fantasy World,1,[5]
193,194,Kozbian,Alive,Alien,Tentacle alien,unknown,unknown,Planet Squanch,1,[21]
194,195,Kristen Stewart,Alive,Human,,Female,Earth (C-500A),Earth (C-500A),1,[8]
195,196,Krombopulos Michael,Dead,Alien,Gromflomite,Male,unknown,unknown,1,[13]
196,197,Kyle,Dead,Humanoid,Miniverse inhabitant,Male,Zeep Xanflorp's Miniverse,Kyle's Teenyverse,1,[17]
197,198,Lady Katana,Dead,Humanoid,Cyborg,Female,unknown,Dorian 5,1,[25]
198,199,Larva Alien,Alive,Alien,Larva alien,unknown,Larva Alien's Planet,Planet Squanch,3,"[16, 19, 21]"
199,200,Lawyer Morty,unknown,Human,,Male,unknown,Citadel of Ricks,1,[22]
200,201,Leonard Smith,Alive,Human,,Male,Earth (C-137),Earth (C-137),1,[3]
201,202,Lighthouse Keeper,Dead,Alien,Cat-Person,Male,Purge Planet,Purge Planet,1,[20]
202,203,Lil B,Dead,Alien,Snail alien,Male,unknown,Earth (Replacement Dimension),2,"[21, 48]"
203,204,Lisa,Dead,Alien,,Female,unknown,Immortality Field Resort,1,[26]
204,205,Little Dipper,Alive,Humanoid,Tinymouth,Male,unknown,Interdimensional Cable,1,[19]
205,206,Lizard Morty,Alive,Humanoid,Lizard-Person,Male,unknown,Citadel of Ricks,1,[28]
206,207,Loggins,Alive,Alien,Alligator-Person,Male,unknown,Interdimensional Cable,3,"[8, 13, 17]"
207,208,Logic,Alive,Human,,Male,unknown,Worldender's lair,1,[25]
208,209,Long Sleeved Morty,unknown,Human,,Male,unknown,Citadel of Ricks,1,[10]
209,210,Lucy,Dead,Human,,Female,Earth (Replacement Dimension),Earth (Replacement Dimension),1,[11]
210,211,Ma-Sha,Alive,Alien,Gazorpian,Female,Gazorpazorp,Gazorpazorp,1,[7]
211,212,Magma-Q,Dead,Alien,Alphabetrian,Male,Alphabetrium,Alphabetrium,1,[16]
212,213,Magnesium-J,Alive,Alien,Alphabetrian,Male,Alphabetrium,Alphabetrium,1,[16]
213,214,Man Painted Silver Who Makes Robot Noises,Alive,Human,,Male,unknown,Interdimensional Cable,1,[8]
214,215,Maximums Rickimus,Dead,Human,,Male,unknown,Rick's Memories,3,"[10, 22, 51]"
215,216,MC Haps,Alive,Human,,Male,Earth (C-137),Earth (C-137),3,"[6, 11, 25]"
216,217,Mechanical Morty,Dead,Robot,,Male,Earth (Replacement Dimension),Earth (Replacement Dimension),1,[23]
217,218,Mechanical Rick,unknown,Robot,,Male,Earth (Replacement Dimension),Earth (Replacement Dimension),1,[23]
218,219,Mechanical Summer,unknown,Robot,,Female,Earth (Replacement Dimension),Earth (Replacement Dimension),1,[23]
219,220,Mega Fruit Farmer Rick,Alive,Human,,Male,unknown,Citadel of Ricks,1,[28]
220,221,Melissa,Alive,Mythological Creature,Monster,Female,Mr. Goldenfold's dream,Mr. Goldenfold's dream,1,[2]
221,222,Michael Denny and the Denny Singers,Alive,Human,,Male,unknown,Interdimensional Cable,1,[8]
222,223,Michael Jenkins,Dead,Human,,Male,unknown,Interdimensional Cable,1,[19]
223,224,Michael McLick,Alive,Human,,Male,unknown,Interdimensional Cable,1,[19]
224,225,Michael Thompson,Alive,Humanoid,Conjoined twin,Male,unknown,Interdimensional Cable,1,[19]
225,226,Million Ants,Dead,Animal,Sentient ant colony,Male,unknown,Worldender's lair,1,[25]
226,227,Mitch,Alive,Human,,Male,Earth (Replacement Dimension),Earth (Replacement Dimension),1,[27]
227,228,Mohawk Guy,Dead,Human,,Male,Post-Apocalyptic Earth,Post-Apocalyptic Earth,1,[23]
228,229,Morty Mart Manager Morty,Alive,Human,,Male,unknown,Citadel of Ricks,1,[28]
229,230,Morty Jr.,Alive,Humanoid,Human Gazorpian,Male,Earth (Replacement Dimension),Earth (Replacement Dimension),1,[7]
230,231,Morty Rick,unknown,Human,,Male,unknown,Citadel of Ricks,1,[22]
231,232,Morty Smith,Alive,Human,,Male,Earth (Evil Rick's Target Dimension),Earth (Evil Rick's Target Dimension),1,[10]
232,233,Morty K-22,Alive,Human,,Male,Earth (K-22),Earth (Replacement Dimension),1,[28]
233,234,Morty Smith,Dead,Human,,Male,Earth (Replacement Dimension),Earth (Replacement Dimension),1,[6]
234,235,Mortytown Loco,Dead,Human,,Male,unknown,Citadel of Ricks,1,[28]
235,236,Mr. Beauregard,Dead,Alien,Parasite,Male,unknown,Earth (Replacement Dimension),1,[15]
236,237,Mr. Benson,Alive,Human,,Male,Earth (Replacement Dimension),Earth (Replacement Dimension),1,[12]
237,238,Mr. Booby Buyer,Alive,Mythological Creature,Boobie buyer reptilian,Male,Fantasy World,Fantasy World,1,[5]
238,239,Mr. Goldenfold,Alive,Cronenberg,,Male,Earth (C-137),Earth (C-137),4,"[1, 2, 4, 6]"
239,240,Mr. Goldenfold,Alive,Human,,Male,Earth (Replacement Dimension),Earth (Replacement Dimension),10,"[9, 16, 17, 18, 21, 22, 24, 27, 30, 39]"
240,241,Mr. Marklovitz,Alive,Human,,Male,Earth (C-137),Earth (Replacement Dimension),2,"[4, 16]"
241,242,Mr. Meeseeks,unknown,Humanoid,Meeseeks,Male,Mr. Meeseeks Box,Earth (Fascist Dimension),5,"[5, 10, 13, 29, 32]"
242,243,Mr. Needful,Alive,Humanoid,The Devil,Male,unknown,Earth (Replacement Dimension),1,[9]
243,244,Mr. Poopybutthole,Alive,Poopybutthole,,Male,unknown,Earth (Replacement Dimension),7,"[15, 21, 29, 30, 31, 34, 51]"
244,245,Mrs. Lipkip,Alive,Human,,Female,Earth (Replacement Dimension),Earth (Replacement Dimension),1,[30]
245,246,Mrs. Pancakes,Alive,Human,,Female,Earth (C-137),Mr. Goldenfold's dream,2,"[2, 27]"
246,247,Amy Poopybutthole,Alive,Poopybutthole,,Female,unknown,unknown,1,[31]
247,248,Mrs. Refrigerator,Dead,Alien,Parasite,Female,unknown,Earth (Replacement Dimension),1,[15]
248,249,Mrs. Sanchez,unknown,Human,,Female,unknown,unknown,4,"[1, 6, 14, 30]"
249,250,Mrs. Sullivan,Dead,Human,Cat controlled dead lady,Female,Earth (C-500A),Interdimensional Cable,1,[8]
250,251,Nancy,Alive,Human,,Female,Earth (Replacement Dimension),Earth (Replacement Dimension),6,"[6, 9, 11, 25, 29, 36]"
251,252,Noob-Noob,Alive,Poopybutthole,,Male,unknown,Vindicator's Base,1,[25]
252,253,Numbericon,unknown,Alien,Numbericon,unknown,unknown,Alphabetrium,1,[16]
253,254,Octopus Man,Alive,Humanoid,Octopus-Person,Male,unknown,Interdimensional Cable,1,[19]
254,255,Orthodox Jew,Alive,Human,,Male,Earth (Replacement Dimension),Earth (Replacement Dimension),1,[16]
255,256,Pat Gueterman,Dead,Robot,,Male,unknown,Planet Squanch,1,[21]
256,257,Paul Fleishman,Alive,Human,,Male,unknown,Jerryboree,1,[13]
257,258,Pawnshop Clerk,Alive,Alien,,Male,unknown,Pawn Shop Planet,1,[7]
258,259,Pencilvester,Dead,Alien,Parasite,Male,unknown,Earth (Replacement Dimension),1,[15]
259,260,Phillip Jacobs,Alive,Human,,Male,unknown,Interdimensional Cable,1,[19]
260,261,Photography Cyborg,unknown,Robot,,Male,unknown,Planet Squanch,1,[21]
261,262,Photography Raptor,Dead,Alien,Parasite,unknown,unknown,Earth (Replacement Dimension),1,[15]
262,263,Pibbles Bodyguard,Alive,Alien,Hairy alien,Male,unknown,St. Gloopy Noops Hospital,1,[19]
263,264,Pichael Thompson,Alive,Humanoid,Conjoined twin,Male,unknown,Interdimensional Cable,1,[19]
264,265,Pickle Rick,Alive,unknown,Pickle,Male,Earth (C-137),Earth (Replacement Dimension),1,[24]
265,266,Piece of Toast,Alive,unknown,Bread,Genderless,unknown,Interdimensional Cable,2,"[8, 17]"
266,267,Plumber Rick,Alive,Human,,Male,unknown,Citadel of Ricks,1,[28]
267,268,Poncho,Dead,Human,,Male,unknown,Anatomy Park,1,[3]
268,269,Presidentress of The Mega Gargantuans,Alive,Humanoid,Mega Gargantuan,Female,Mega Gargantuan Kingdom,Mega Gargantuan Kingdom,1,[31]
269,270,Prince Nebulon,Dead,Alien,Zigerion,Male,unknown,Zigerion's Base,1,[4]
270,271,Principal Vagina,Alive,Cronenberg,,Male,Earth (C-137),Earth (C-137),3,"[1, 5, 6]"
271,272,Principal Vagina,Alive,Human,,Male,Earth (Replacement Dimension),Earth (Replacement Dimension),6,"[9, 16, 18, 24, 27, 29]"
272,273,Purge Planet Ruler,Dead,Alien,Cat-Person,Male,Purge Planet,Purge Planet,1,[20]
273,274,Quantum Rick,unknown,Human,,Male,unknown,Rick's Memories,3,"[10, 22, 51]"
274,275,Randy Dicknose,Alive,Human,,Male,unknown,Interdimensional Cable,1,[19]
275,276,Rat Boss,Dead,Animal,Rat,unknown,Earth (Replacement Dimension),Earth (Replacement Dimension),1,[24]
276,277,Real Fake Doors Salesman,Alive,Human,,Male,unknown,Interdimensional Cable,1,[8]
277,278,Regional Manager Rick,Dead,Human,,Male,unknown,Citadel of Ricks,1,[28]
278,279,Regular Legs,Alive,Human,,Male,unknown,Interdimensional Cable,1,[8]
279,280,Reverse Giraffe,Dead,Alien,Parasite,Male,unknown,Earth (Replacement Dimension),1,[15]
280,281,Reverse Rick Outrage,Dead,Human,,Male,unknown,Citadel of Ricks,1,[28]
281,282,Revolio Clockberg Jr.,unknown,Alien,Gear-Person,Male,Gear World,Gear World,3,"[11, 13, 25]"
282,283,Rick D. Sanchez III,Dead,Human,,Male,unknown,Citadel of Ricks,1,[28]
283,284,Rick Guilt Rick,unknown,Human,,Male,unknown,Citadel of Ricks,1,[28]
284,285,Rick Prime,Dead,Human,,Male,unknown,Citadel of Ricks,2,"[22, 51]"
285,286,Rick D-99,Dead,Human,,Male,Earth (D-99),Citadel of Ricks,1,[22]
286,287,Rick D716,Dead,Human,,Male,Earth (D716),Citadel of Ricks,1,[28]
287,288,Rick D716-B,Alive,Human,,Male,Earth (D716-B),Citadel of Ricks,1,[28]
288,289,Rick D716-C,Alive,Human,,Male,Earth (D716-C),Citadel of Ricks,1,[28]
289,290,Rick Sanchez,Dead,Human,,Male,Earth (Evil Rick's Target Dimension),Earth (Evil Rick's Target Dimension),1,[10]
290,291,Rick J-22,Alive,Human,,Male,Earth (J-22),Citadel of Ricks,1,[28]
291,292,Rick K-22,Alive,Human,,Male,Earth (K-22),Earth (Replacement Dimension),1,[28]
292,293,Rick Sanchez,Dead,Human,,Male,Earth (Replacement Dimension),Earth (Replacement Dimension),1,[6]
293,294,Ricktiminus Sancheziminius,Dead,Human,,Male,unknown,Rick's Memories,3,"[10, 22, 51]"
294,295,Riq IV,Dead,Human,,Male,unknown,Citadel of Ricks,3,"[10, 11, 22]"
295,296,Risotto Groupon,Dead,Alien,Blue ape alien,Male,Resort Planet,Resort Planet,1,[26]
296,297,Risotto's Tentacled Henchman,Dead,Alien,Tentacle alien,Male,Resort Planet,Resort Planet,1,[26]
297,298,Robot Morty,unknown,Robot,,Male,unknown,Citadel of Ricks,1,[10]
298,299,Robot Rick,unknown,Robot,,Male,unknown,Citadel of Ricks,1,[10]
299,300,Roger,Dead,Human,,Male,Earth (C-137),Anatomy Park,1,[3]
300,301,Ron Benson,Alive,Alien,Ring-nippled alien,Male,Unity's Planet,Unity's Planet,1,[14]
301,302,Ruben,Dead,Human,,Male,Earth (C-137),Earth (C-137),1,[3]
302,303,Samantha,Alive,Human,,Female,Earth (C-137),Earth (C-137),1,[5]
303,304,Scary Brandon,Alive,Mythological Creature,Monster,Male,Mr. Goldenfold's dream,Mr. Goldenfold's dream,1,[2]
304,305,Scary Glenn,Alive,Mythological Creature,Monster,Male,Mr. Goldenfold's dream,Mr. Goldenfold's dream,1,[2]
305,306,Scary Terry,Alive,Mythological Creature,Monster,Male,Mr. Goldenfold's dream,Mr. Goldenfold's dream,1,[2]
306,307,Scroopy Noopers,Alive,Alien,Plutonian,Male,Pluto,Pluto,1,[9]
307,308,Scropon,unknown,Alien,Lobster-Alien,Male,unknown,Planet Squanch,2,"[11, 21]"
308,309,Scrotian,Alive,Animal,Scrotian,Male,unknown,Signus 5 Expanse,4,"[13, 16, 21, 25]"
309,310,Self-Congratulatory Jerry,unknown,Mythological Creature,Mytholog,Male,Nuptia 4,Nuptia 4,1,[18]
310,311,Shimshamian,Alive,Alien,Shimshamian,Male,unknown,Planet Squanch,3,"[13, 21, 25]"
311,312,Shlaammi,Alive,Alien,,unknown,unknown,Interdimensional Cable,1,[19]
312,313,Shleemypants,Alive,unknown,Omniscient being,Male,unknown,Snake Planet,2,"[12, 36]"
313,314,Shmlamantha Shmlicelli,Alive,Human,,Female,unknown,Interdimensional Cable,1,[8]
314,315,Shmlangela Shmlobinson-Shmlower,Alive,Human,,Female,unknown,Interdimensional Cable,1,[8]
315,316,Shmlona Shmlobinson,Alive,Human,,Female,unknown,Interdimensional Cable,1,[8]
316,317,Shmlonathan Shmlower,Alive,Human,,Male,unknown,Interdimensional Cable,1,[8]
317,318,Shmlony Shmlicelli,Alive,Human,,Male,unknown,Interdimensional Cable,1,[8]
318,319,Shmooglite Runner,unknown,Alien,Animal,Male,Resort Planet,Resort Planet,1,[26]
319,320,Shnoopy Bloopers,unknown,Alien,,Male,unknown,Immortality Field Resort,1,[26]
320,321,Shrimply Pibbles,Alive,Alien,,Male,unknown,St. Gloopy Noops Hospital,1,[19]
321,322,Simple Rick,Dead,Human,,Male,unknown,Citadel of Ricks,1,[28]
322,323,Slaveowner,Dead,Human,,Male,Post-Apocalyptic Earth,Post-Apocalyptic Earth,1,[23]
323,324,Sleepy Gary,Dead,Alien,Parasite,Male,unknown,Earth (Replacement Dimension),1,[15]
324,325,Slick Morty,Dead,Human,,Male,unknown,Citadel of Ricks,1,[28]
325,326,Slippery Stair,Alive,Mythological Creature,Slug,Male,Fantasy World,Earth (Replacement Dimension),2,"[5, 11]"
326,327,Slow Mobius,Alive,Humanoid,,Male,unknown,Earth (Replacement Dimension),1,[11]
327,328,Slow Rick,Alive,Human,,Male,unknown,Citadel of Ricks,1,[28]
328,329,Snuffles (Snowball),Alive,Animal,Dog,Male,Earth (C-137),unknown,8,"[2, 7, 10, 15, 16, 24, 29, 30]"
329,330,Solicitor Rick,unknown,Human,,Male,unknown,Citadel of Ricks,2,"[10, 22]"
330,331,Squanchy,unknown,Alien,Cat-Person,Male,Planet Squanch,Planet Squanch,3,"[11, 16, 21]"
331,332,Stacy,Alive,Human,,Female,Earth (Replacement Dimension),Earth (Replacement Dimension),1,[27]
332,333,Stair Goblin,Alive,Mythological Creature,Stair goblin,Genderless,unknown,Fantasy World,3,"[5, 11, 25]"
333,334,Stealy,Alive,Poopybutthole,,Male,unknown,Interdimensional Cable,1,[19]
334,335,Steve,Alive,Human,,Male,Earth (Replacement Dimension),Earth (Replacement Dimension),1,[31]
335,336,Steven Phillips,Alive,Alien,Unknown-nippled alien,Male,Unity's Planet,Unity's Planet,1,[14]
336,337,Stu,Dead,Alien,Zigerion,Male,unknown,Zigerion's Base,1,[4]
337,338,Summer Smith,Alive,Human,,Female,Earth (C-137),Earth (C-137),7,"[1, 2, 3, 4, 5, 6, 22]"
338,339,Summer Smith,Alive,Human,,Female,Earth (Evil Rick's Target Dimension),Earth (Evil Rick's Target Dimension),1,[10]
339,340,Supernova,Alive,Human,Superhuman,Female,unknown,Worldender's lair,1,[25]
340,341,Taddy Mason,Alive,Human,,Male,Earth (Replacement Dimension),Earth (Replacement Dimension),1,[20]
341,342,Taint Washer,Alive,Human,,Male,Post-Apocalyptic Earth,Post-Apocalyptic Earth,1,[23]
342,343,Tammy Guetermann,Alive,Cronenberg,,Female,Earth (C-137),Earth (C-137),2,"[5, 6]"
343,344,Tammy Guetermann,Dead,Human,,Female,Earth (Replacement Dimension),NX-5 Planet Remover,5,"[11, 16, 21, 22, 41]"
344,345,Teacher Rick,Alive,Human,,Male,unknown,Citadel of Ricks,1,[28]
345,346,Terry,unknown,Human,,Male,Earth (Replacement Dimension),Earth (Replacement Dimension),1,[16]
346,347,President Curtis,Alive,Human,,Male,Earth (Replacement Dimension),Earth (Replacement Dimension),5,"[16, 31, 43, 45, 47]"
347,348,The President of the Miniverse,Dead,Humanoid,Miniverse inhabitant,Male,Zeep Xanflorp's Miniverse,Zeep Xanflorp's Miniverse,1,[17]
348,349,The Scientist Formerly Known as Rick,Dead,Human,,Male,unknown,unknown,1,[10]
349,350,Thomas Lipkip,unknown,Human,,Male,Earth (Replacement Dimension),Froopyland,1,[30]
350,351,Three Unknown Things,Alive,Alien,,unknown,unknown,Interdimensional Cable,1,[8]
351,352,Tinkles,Dead,Alien,Parasite,Female,unknown,Earth (Replacement Dimension),1,[15]
352,353,Tiny Rick,Dead,Human,Clone,Male,Earth (Replacement Dimension),Earth (Replacement Dimension),1,[18]
353,354,Toby Matthews,Alive,Human,,Male,Earth (Replacement Dimension),Earth (Replacement Dimension),1,[18]
354,355,Todd Crystal,Alive,Alien,Unknown-nippled alien,Male,Unity's Planet,Unity's Planet,1,[14]
355,356,Tom Randolph,Alive,Human,,Male,Earth (C-137),Earth (C-137),1,[3]
356,357,Tommy's Clone,Alive,Human,Clone,Male,Earth (Replacement Dimension),Earth (Replacement Dimension),1,[30]
357,358,Tophat Jones,Dead,Mythological Creature,Leprechaun,Male,unknown,Interdimensional Cable,3,"[8, 18, 21]"
358,359,Tortured Morty,unknown,Human,,Male,unknown,Citadel of Ricks,1,[10]
359,360,Toxic Morty,Dead,Humanoid,Morty's toxic side,Male,Detoxifier,Earth (Replacement Dimension),1,[27]
360,361,Toxic Rick,Dead,Humanoid,Rick's toxic side,Male,Detoxifier,Earth (Replacement Dimension),1,[27]
361,362,Traflorkian,Alive,Alien,Traflorkian,unknown,unknown,Worldender's lair,5,"[11, 13, 19, 21, 25]"
362,363,Trandor,Alive,Alien,Krootabulan,Male,Krootabulon,Earth (Replacement Dimension),1,[30]
363,364,Tree Person,Dead,Humanoid,Teenyverse inhabitant,unknown,Kyle's Teenyverse,Kyle's Teenyverse,1,[17]
364,365,Tricia Lange,Alive,Human,,Female,Earth (Replacement Dimension),Earth (Replacement Dimension),5,"[26, 27, 36, 38, 46]"
365,366,Trunk Morty,Alive,Humanoid,Trunk-Person,Male,Trunk World,Citadel of Ricks,1,[28]
366,367,Trunk Man,Alive,Humanoid,Trunk-Person,Male,Trunk World,Interdimensional Cable,2,"[8, 28]"
367,368,Truth Tortoise,unknown,Mythological Creature,Omniscient being,Male,unknown,unknown,1,[29]
368,369,Tusked Assassin,unknown,Alien,Tuskfish,Male,Resort Planet,Resort Planet,1,[26]
369,370,Two Guys with Handlebar Mustaches,Alive,Human,,Male,unknown,Interdimensional Cable,1,[8]
370,371,Tumblorkian,Alive,Alien,Tumblorkian,Male,Plopstar,Plopstar,1,[19]
371,372,Unity,Alive,Alien,Hivemind,Genderless,unknown,Unity's Planet,1,[14]
372,373,Unmuscular Michael,Alive,Human,,Male,unknown,Interdimensional Cable,1,[8]
373,374,Vampire Master,Alive,Mythological Creature,Vampire,Male,Earth (Replacement Dimension),Earth (Replacement Dimension),1,[18]
374,375,Vance Maximus,Dead,Human,,Male,unknown,Worldender's lair,1,[25]
375,376,Veronica Ann Bennet,Alive,Alien,Gazorpian,Female,Gazorpazorp,Gazorpazorp,1,[7]
376,377,Voltematron,Dead,Alien,Parasite,unknown,unknown,Earth (Replacement Dimension),1,[29]
377,378,Wall Crawling Rick,unknown,Humanoid,Lizard-Person,Male,unknown,Citadel of Ricks,1,[22]
378,379,Wedding Bartender,unknown,Alien,,Male,unknown,Planet Squanch,1,[21]
379,380,Unknown Rick,unknown,Human,,Male,unknown,unknown,2,"[22, 51]"
380,381,Woman Rick,Alive,Alien,Chair,Female,unknown,unknown,1,[10]
381,382,Worldender,Dead,Alien,,Male,unknown,Worldender's lair,1,[25]
382,383,Yaarb,Alive,Alien,,Male,unknown,St. Gloopy Noops Hospital,1,[19]
383,384,Yellow Headed Doctor,Alive,Alien,,Male,unknown,St. Gloopy Noops Hospital,1,[19]
384,385,Yellow Shirt Rick,unknown,Human,,Male,unknown,Citadel of Ricks,1,[22]
385,386,Zarbadar Gloonch,Dead,Alien,Drumbloxian,Female,unknown,Nuptia 4,2,"[13, 18]"
386,387,Zarbadar's Mytholog,unknown,Mythological Creature,Mytholog,Female,Nuptia 4,Nuptia 4,1,[18]
387,388,Zeep Xanflorp,Alive,Humanoid,Microverse inhabitant,Male,Rick's Battery Microverse,Rick's Battery Microverse,1,[17]
388,389,Zeta Alpha Rick,Dead,Human,,Male,unknown,Rick's Memories,4,"[10, 11, 22, 51]"
389,390,Zick Zack,Dead,Alien,Floop Floopian,Male,unknown,Earth (Replacement Dimension),1,[29]
390,391,Uncle Steve,Dead,Alien,Parasite,Male,unknown,Earth (Replacement Dimension),1,[15]
391,392,Bearded Morty,Alive,Human,,Male,unknown,Citadel of Ricks,2,"[28, 51]"
392,393,Roy,Alive,Human,Game,Male,Roy: A Life Well Lived,Roy: A Life Well Lived,1,[13]
393,394,Davin,Dead,Cronenberg,,Male,Earth (C-137),Earth (C-137),2,"[1, 6]"
394,395,Greebybobe,Alive,Alien,Greebybobe,unknown,Girvonesk,Worldender's lair,4,"[1, 11, 16, 25]"
395,396,Scary Teacher,Alive,Mythological Creature,Monster,Male,Mr. Goldenfold's dream,Mr. Goldenfold's dream,1,[2]
396,397,Fido,Alive,Animal,Dog,Male,Snuffles' Dream,Snuffles' Dream,1,[2]
397,398,Accountant dog,Alive,Animal,Dog,Male,Snuffles' Dream,Snuffles' Dream,1,[2]
398,399,Tiny-persons advocacy group lawyer,Alive,Mythological Creature,Giant,Male,Giant's Town,Giant's Town,1,[5]
399,400,Giant Judge,Alive,Mythological Creature,Giant,Male,Giant's Town,Giant's Town,1,[5]
400,401,Morty Jr's interviewer,Alive,Human,,Male,Earth (Replacement Dimension),Earth (Replacement Dimension),1,[7]
401,402,Guy from The Bachelor,Alive,Human,,Male,Earth (Replacement Dimension),Earth (Replacement Dimension),1,[8]
402,403,Corn detective,Dead,Humanoid,Corn-person,Male,Interdimensional Cable,Interdimensional Cable,1,[8]
403,404,Michael Jackson,Alive,Humanoid,Phone-Person,Male,Earth (Phone Dimension),Earth (Phone Dimension),1,[8]
404,405,Trunkphobic suspenders guy,Alive,Human,,Male,unknown,Earth (Replacement Dimension),4,"[2, 8, 10, 11]"
405,406,Spiderweb teddy bear,Alive,Animal,Teddy Bear,unknown,Interdimensional Cable,Interdimensional Cable,1,[8]
406,407,Regular Tyrion Lannister,Alive,Human,,Male,Interdimensional Cable,Interdimensional Cable,1,[8]
407,408,Quick Mystery Presenter,Alive,Human,,Male,Interdimensional Cable,Interdimensional Cable,1,[8]
408,409,Mr. Sneezy,Alive,Human,Little Human,Male,Interdimensional Cable,Interdimensional Cable,1,[8]
409,410,Two Brothers,Alive,Human,,Male,Interdimensional Cable,Interdimensional Cable,1,[8]
410,411,Alien Mexican Armada,unknown,Alien,Mexican,Male,Interdimensional Cable,Interdimensional Cable,1,[8]
411,412,Giant Cat Monster,unknown,Animal,Giant Cat Monster,unknown,Interdimensional Cable,Interdimensional Cable,1,[8]
412,413,Old Women,unknown,Human,Old Amazons,Female,Interdimensional Cable,Interdimensional Cable,1,[8]
413,414,Trunkphobic guy,Alive,Human,,Male,Interdimensional Cable,Interdimensional Cable,1,[8]
414,415,Pro trunk people marriage guy,Alive,Human,,Male,Interdimensional Cable,Interdimensional Cable,1,[8]
415,416,Muscular Mannie,Alive,Human,Mannie,Male,Interdimensional Cable,Interdimensional Cable,1,[8]
416,417,Baby Legs Chief,Alive,Human,,Male,Interdimensional Cable,Interdimensional Cable,1,[8]
417,418,Mrs. Sullivan's Boyfriend,Alive,Human,Necrophiliac,Male,Interdimensional Cable,Interdimensional Cable,1,[8]
418,419,Plutonian Hostess,Alive,Alien,Plutonian,Female,Pluto,Pluto,1,[9]
419,420,Plutonian Host,Alive,Alien,Plutonian,Male,Pluto,Pluto,1,[9]
420,421,Rich Plutonian,Alive,Alien,Plutonian,Female,Pluto,Pluto,1,[9]
421,422,Rich Plutonian,Alive,Alien,Plutonian,Male,Pluto,Pluto,1,[9]
422,423,Synthetic Laser Eels,Alive,Animal,Eel,unknown,Earth (Replacement Dimension),Earth (Replacement Dimension),1,[11]
423,424,Pizza-person,Alive,Humanoid,Pizza,Male,Earth (Pizza Dimension),Earth (Pizza Dimension),1,[10]
424,425,Pizza-person,Alive,Humanoid,Pizza,Male,Earth (Pizza Dimension),Earth (Pizza Dimension),1,[10]
425,426,Greasy Grandma,Alive,Human,Grandma,Female,Greasy Grandma World,Greasy Grandma World,1,[10]
426,427,Phone-person,Alive,Humanoid,Phone,Male,Earth (Phone Dimension),Earth (Phone Dimension),1,[10]
427,428,Phone-person,Alive,Humanoid,Phone,Male,Earth (Phone Dimension),Earth (Phone Dimension),1,[10]
428,429,Chair-person,Alive,Humanoid,Chair,Male,Earth (Chair Dimension),Earth (Chair Dimension),1,[10]
429,430,Chair-person,Alive,Humanoid,Chair,Male,Earth (Chair Dimension),Earth (Chair Dimension),1,[10]
430,431,Chair-homeless,Alive,Humanoid,Chair,Male,Earth (Chair Dimension),Earth (Chair Dimension),1,[10]
431,432,Chair-waiter,Alive,Humanoid,Chair,Male,Earth (Chair Dimension),Earth (Chair Dimension),1,[10]
432,433,Doopidoo,Alive,Animal,Doopidoo,unknown,unknown,unknown,1,[10]
433,434,Super Weird Rick,unknown,Human,,Male,unknown,unknown,1,[10]
434,435,Pripudlian,Alive,Alien,Pripudlian,unknown,unknown,Earth (Replacement Dimension),4,"[1, 11, 19, 25]"
435,436,Giant Testicle Monster,Alive,Alien,,unknown,Testicle Monster Dimension,Testicle Monster Dimension,2,"[11, 13]"
436,437,Michael,Alive,Human,,Male,Earth (Replacement Dimension),Earth (Replacement Dimension),1,[12]
437,438,Michael's Lawyer,Alive,Human,,Male,Earth (Replacement Dimension),Earth (Replacement Dimension),1,[12]
438,439,Veterinary,Alive,Human,,Female,Earth (Replacement Dimension),Earth (Replacement Dimension),1,[12]
439,440,Veterinary Nurse,Alive,Human,,Male,Earth (Replacement Dimension),Earth (Replacement Dimension),1,[12]
440,441,Bearded Jerry,Alive,Human,,Male,unknown,Jerryboree,1,[13]
441,442,Shaved Head Jerry,Alive,Human,,Male,unknown,Jerryboree,1,[13]
442,443,Tank Top Jerry,Alive,Human,,Male,unknown,Jerryboree,1,[13]
443,444,Pink Polo Shirt Jerry,Alive,Human,,Male,unknown,Jerryboree,1,[13]
444,445,Jerryboree Keeper,Alive,Alien,,Female,unknown,Jerryboree,1,[13]
445,446,Jerryboree Receptionist,Alive,Alien,,Male,unknown,Jerryboree,1,[13]
446,447,Anchor Gear,Alive,Alien,Gear-Person,Male,Gear World,Gear World,1,[13]
447,448,Gear Cop,Dead,Alien,Gear-Person,Male,Gear World,Gear World,1,[13]
448,449,Roy's Mum,Alive,Human,Game,Female,Roy: A Life Well Lived,Roy: A Life Well Lived,1,[13]
449,450,Roy's Wife,Alive,Human,Game,Male,Roy: A Life Well Lived,Roy: A Life Well Lived,1,[13]
450,451,Roy's Son,Alive,Human,Game,Male,Roy: A Life Well Lived,Roy: A Life Well Lived,1,[13]
451,452,Simon,Alive,Human,,Male,Earth (Replacement Dimension),Earth (Replacement Dimension),1,[16]
452,453,Vampire Master's Assistant,Alive,Mythological Creature,Vampire,Male,unknown,Earth (Replacement Dimension),1,[18]
453,454,Arbolian Mentirososian,Alive,Alien,,unknown,Árboles Mentirosos,St. Gloopy Noops Hospital,3,"[16, 19, 21]"
454,455,St. Gloopy Noops Nurse,Alive,Alien,,Female,unknown,St. Gloopy Noops Hospital,1,[19]
455,456,Nano Doctor,Alive,Alien,Nano Alien,Male,unknown,St. Gloopy Noops Hospital,1,[19]
456,457,Funny Songs Presenter,Alive,Human,,Male,unknown,Interdimensional Cable,1,[19]
457,458,Tax Attorney,unknown,Human,,Male,unknown,Interdimensional Cable,1,[19]
458,459,Butthole Ice Cream Guy,Alive,Alien,,Male,unknown,Interdimensional Cable,1,[19]
459,460,Traflorkian Journalist,Alive,Alien,Traflorkian,Male,unknown,St. Gloopy Noops Hospital,1,[19]
460,461,Communication's Responsible Rick,Dead,Human,,Male,unknown,Citadel of Ricks,1,[22]
461,462,Teleportation's Responsible Rick,unknown,Human,,Male,unknown,Citadel of Ricks,1,[22]
462,463,SEAL Team Rick,Dead,Human,,Male,unknown,Citadel of Ricks,1,[22]
463,464,SEAL Team Rick,Dead,Human,,Male,unknown,Citadel of Ricks,1,[22]
464,465,SEAL Team Rick,Dead,Human,,Male,unknown,Citadel of Ricks,1,[22]
465,466,SEAL Team Rick,Dead,Human,,Male,unknown,Citadel of Ricks,1,[22]
466,467,Morphizer-XE Customer Support,Alive,Alien,,Male,unknown,Earth (Replacement Dimension),1,[26]
467,468,Morphizer-XE Customer Support,Alive,Alien,,Male,unknown,Earth (Replacement Dimension),1,[26]
468,469,Morphizer-XE Customer Support,unknown,Alien,,Male,unknown,Earth (Replacement Dimension),1,[26]
469,470,Alien Spa Employee,Alive,Alien,,Male,unknown,Alien Day Spa,1,[27]
470,471,Little Voltron,Alive,Robot,,Genderless,unknown,Earth (Replacement Dimension),1,[27]
471,472,Baby Rick,Alive,Human,Clone,Male,Citadel of Ricks,Citadel of Ricks,1,[28]
472,473,Bartender Morty,Alive,Human,,Male,unknown,Citadel of Ricks,1,[28]
473,474,Dancer Cowboy Morty,Alive,Human,,Male,unknown,Citadel of Ricks,1,[28]
474,475,Dancer Morty,Alive,Human,,Male,unknown,Citadel of Ricks,1,[28]
475,476,Flower Morty,Alive,Human,Human with a flower in his head,Male,unknown,Citadel of Ricks,1,[28]
476,477,Hairdresser Rick,Alive,Human,,Male,unknown,Citadel of Ricks,1,[28]
477,478,Journalist Rick,Alive,Human,,Male,unknown,Citadel of Ricks,1,[28]
478,479,Private Sector Rick,Dead,Human,,Male,unknown,Citadel of Ricks,1,[28]
479,480,Purple Morty,Alive,Alien,,Male,unknown,Citadel of Ricks,1,[28]
480,481,Retired General Rick,unknown,Human,,Male,unknown,Citadel of Ricks,1,[28]
481,482,Secret Service Rick,Alive,Human,,Male,unknown,Citadel of Ricks,1,[28]
482,483,Steve Jobs Rick,Alive,Human,,Male,unknown,Citadel of Ricks,1,[28]
483,484,Sheik Rick,Dead,Human,,Male,unknown,Citadel of Ricks,1,[28]
484,485,Modern Rick,Alive,Human,,Male,unknown,Citadel of Ricks,1,[28]
485,486,Tan Rick,Dead,Human,,Male,unknown,Citadel of Ricks,1,[28]
486,487,Visor Rick,Dead,Human,,Male,unknown,Citadel of Ricks,1,[28]
487,488,Colonial Rick,Dead,Human,,Male,unknown,Citadel of Ricks,1,[28]
488,489,P-Coat Rick,Dead,Human,,Male,unknown,Citadel of Ricks,1,[28]
489,490,Chang,Alive,Human,,Male,unknown,The Menagerie,1,[29]
490,491,Dr. Eleanor Arroway,Alive,Human,,Female,unknown,The Menagerie,1,[29]
491,492,Varrix,Alive,Alien,,unknown,unknown,Earth (Replacement Dimension),1,[30]
492,493,Secretary of the Interior,Alive,Human,,Male,Earth (Replacement Dimension),Earth (Replacement Dimension),1,[31]
493,494,Crystal Poacher,Dead,Alien,,Male,unknown,Forbodulon Prime,1,[32]
494,495,Crystal Poacher,Dead,Alien,,Male,unknown,Forbodulon Prime,1,[32]
495,496,Crystal Poacher,Dead,Alien,,Male,unknown,Forbodulon Prime,1,[32]
496,497,Hologram Rick,Dead,Humanoid,Hologram,Male,Earth (Replacement Dimension),Earth (Replacement Dimension),1,[32]
497,498,Fascist Rick,Dead,Human,,Male,Earth (Fascist Dimension),Earth (Fascist Dimension),1,[32]
498,499,Fascist Morty,Dead,Human,,Male,Earth (Fascist Dimension),Earth (Fascist Dimension),1,[32]
499,500,Fascist Mr. President,Alive,Human,,Male,Earth (Fascist Dimension),Earth (Fascist Dimension),1,[32]
500,501,Fascist Rick’s Clone,Dead,Human,Clone,Male,Earth (Fascist Dimension),Earth (Fascist Dimension),1,[32]
501,502,Revolio Clockberg Jr.,Dead,Alien,Gear-Person,Male,Earth (Fascist Dimension),Earth (Fascist Dimension),1,[32]
502,503,Fascist Shrimp Rick,Alive,Animal,Shrimp,Male,Earth (Fascist Shrimp Dimension),Earth (Fascist Shrimp Dimension),1,[32]
503,504,Fascist Shrimp Rick’s Clone,Dead,Animal,Shrimp,Male,Earth (Fascist Shrimp Dimension),Earth (Fascist Shrimp Dimension),1,[32]
504,505,Fascist Shrimp Morty,Alive,Animal,Shrimp,Male,Earth (Fascist Shrimp Dimension),Earth (Fascist Shrimp Dimension),1,[32]
505,506,Fascist Shrimp SS,Alive,Animal,Shrimp,Male,Earth (Fascist Shrimp Dimension),Earth (Fascist Shrimp Dimension),1,[32]
506,507,Fascist Teddy Bear Rick,Alive,Animal,Teddy Bear,Male,Earth (Fascist Teddy Bear Dimension),Earth (Fascist Teddy Bear Dimension),1,[32]
507,508,Fascist Teddy Bear Rick’s Clone,Dead,Animal,Teddy Bear,Male,Earth (Fascist Teddy Bear Dimension),Earth (Fascist Teddy Bear Dimension),1,[32]
508,509,Bully,unknown,Human,,Male,Earth (Replacement Dimension),Earth (Replacement Dimension),1,[32]
509,510,Anchorman,Alive,Human,,Male,Earth (Replacement Dimension),Earth (Replacement Dimension),1,[32]
510,511,Anchorwoman,Alive,Human,,Female,Earth (Replacement Dimension),Earth (Replacement Dimension),1,[32]
511,512,Morty’s Lawyer,Alive,Human,,Male,Earth (Replacement Dimension),Earth (Replacement Dimension),1,[32]
512,513,Judge,Dead,Human,,Female,Earth (Replacement Dimension),Earth (Replacement Dimension),1,[32]
513,514,Public Opinion Judge,Alive,Human,,Female,Earth (Replacement Dimension),Earth (Replacement Dimension),1,[32]
514,515,Caterpillar Mr. Goldenfold,Dead,Animal,Caterpillar,Male,Earth (Wasp Dimension),Earth (Wasp Dimension),1,[32]
515,516,Wasp Rick,Alive,Animal,Wasp,Male,Earth (Wasp Dimension),Earth (Replacement Dimension),1,[32]
516,517,Wasp Rick’s Clone,unknown,Animal,Wasp,Male,Earth (Wasp Dimension),Earth (Replacement Dimension),1,[32]
517,518,Wasp Morty,Alive,Animal,Wasp,Male,Earth (Wasp Dimension),Earth (Wasp Dimension),1,[32]
518,519,Wasp Summer,Alive,Animal,Wasp,Female,Earth (Wasp Dimension),Earth (Wasp Dimension),1,[32]
519,520,Wasp Jerry,Alive,Animal,Wasp,Male,Earth (Wasp Dimension),Earth (Wasp Dimension),1,[32]
520,521,Wasp Beth,Alive,Animal,Wasp,Female,Earth (Wasp Dimension),Earth (Wasp Dimension),1,[32]
521,522,Caterpillar Mr. Goldenfold’s Larvae,Dead,Animal,Caterpillar,unknown,Earth (Wasp Dimension),Earth (Wasp Dimension),1,[32]
522,523,Boglin,unknown,unknown,Toy,unknown,Earth (Replacement Dimension),Earth (Replacement Dimension),1,[32]
523,524,Kirkland Brand Mr. Meeseeks,unknown,Humanoid,Meeseeks,Male,Mr. Meeseeks Box,Earth (Replacement Dimension),1,[32]
524,525,Glootie,Alive,Alien,Monogatron,Male,unknown,Monogatron Mothership,1,[33]
525,526,Danny Publitz,Alive,Human,,Male,Earth (Replacement Dimension),Earth (Replacement Dimension),1,[33]
526,527,Mothership Intern,Alive,Alien,Monogatron,Male,unknown,Monogatron Mothership,1,[33]
527,528,Monogatron Leader,Alive,Alien,Monogatron,Male,unknown,Monogatron Mothership,1,[33]
528,529,Lizard,Dead,Alien,Lizard,Male,Midland Quasar,Midland Quasar,1,[33]
529,530,Deliverance,Dead,Robot,,Genderless,Midland Quasar,Midland Quasar,1,[33]
530,531,Tony,Dead,Alien,,Male,unknown,Mount Space Everest,1,[33]
531,532,Tony’s Wife,Dead,Alien,,Female,Globaflyn,Globaflyn,1,[33]
532,533,Monogatron Queen,Alive,Alien,Monogatron,Female,unknown,Monogatron Mothership,1,[33]
533,534,Tony's Dad,Alive,Alien,,Male,unknown,Earth (Replacement Dimension),1,[33]
534,535,Jeff,Alive,Human,,Male,Earth (Replacement Dimension),Earth (Replacement Dimension),1,[33]
535,536,Josiah,Alive,Human,,Male,Earth (Replacement Dimension),Earth (Replacement Dimension),1,[33]
536,537,Maggie,Alive,Human,,Female,Earth (Replacement Dimension),Earth (Replacement Dimension),1,[33]
537,538,Priest Witherspoon,Alive,Human,,Male,Earth (Replacement Dimension),Earth (Replacement Dimension),1,[33]
538,539,Richard,Alive,Human,,Male,Earth (Replacement Dimension),Earth (Replacement Dimension),1,[33]
539,540,Running Bird,Alive,Human,,Male,Earth (Replacement Dimension),Earth (Replacement Dimension),1,[33]
540,541,Secretary at Tony's,Alive,Alien,,Female,unknown,Earth (Replacement Dimension),1,[33]
541,542,Mountain Sweat Jerry,Alive,Human,,Male,Globaflyn,Globaflyn,1,[33]
542,543,Vermigurber,Alive,Alien,Fly,Male,unknown,Gorgon Quadrant,1,[33]
543,544,Miles Knightly,Dead,Alien,,Male,unknown,Heist-Con,1,[34]
544,545,Heist-Con Receptionist,Alive,Alien,,Female,unknown,Heist-Con,1,[34]
545,546,Angie Flint,Alive,Human,Cyborg,Female,unknown,Heist-Con,1,[34]
546,547,Glar,Alive,Alien,,Male,unknown,Heist-Con,1,[34]
547,548,Truckula,Alive,Mythological Creature,Vampire,Male,unknown,Heist-Con,1,[34]
548,549,Snake Arms,Alive,Alien,,Male,unknown,Heist-Con,1,[34]
549,550,Double Microwawe,Alive,Humanoid,Cyborg,Male,unknown,Heist-Con,1,[34]
550,551,Monitor Lord,Alive,Alien,,Male,unknown,Heist-Con,1,[34]
551,552,Key Catcher,Alive,Alien,,Female,unknown,Heist-Con,1,[34]
552,553,The Shapeshiftress,Alive,Alien,Shapeshifter,Female,unknown,Heist-Con,1,[34]
553,554,Heistotron,Dead,Robot,,Genderless,Earth (Replacement Dimension),Heistotron Base,1,[34]
554,555,Randotron,Dead,Robot,,Genderless,Earth (Replacement Dimension),Heistotron Base,1,[34]
555,556,Hephaestus,Alive,Mythological Creature,God,Male,Mount Olympus,Heistotron Base,1,[34]
556,557,Ventriloquiver,Alive,Humanoid,Dummy,Female,Plitzville Montana,Heistotron Base,1,[34]
557,558,Elon Tusk,Alive,Human,Human with tusks,Male,Earth (Tusk Dimension),Heistotron Base,1,[34]
558,559,Gramuflackian Anchorman,Dead,Alien,Gramuflackian,Male,Gramuflack,Gramuflack,1,[34]
559,560,Gramuflackian General,Dead,Alien,Gramuflackian,Male,Gramuflack,Gramuflack,1,[34]
560,561,Netflix Executive,Alive,Human,,Male,Earth (Replacement Dimension),Earth (Replacement Dimension),1,[34]
561,562,Balthromaw,Alive,Mythological Creature,Dragon,Male,Draygon,Earth (Replacement Dimension),1,[35]
562,563,The Wizard,Dead,Human,,Male,Draygon,Draygon,1,[35]
563,564,Talking Cat,Alive,Animal,,Male,unknown,Earth (Replacement Dimension),1,[35]
564,565,Debrah,Alive,Mythological Creature,Dragon,Male,Draygon,Draygon,1,[35]
565,566,Debrah’s Partner,Alive,Mythological Creature,Dragon,Male,Draygon,Draygon,1,[35]
566,567,Michael,Alive,Mythological Creature,Dragon,Male,Draygon,Draygon,1,[35]
567,568,Slut Dragon,Alive,Mythological Creature,Dragon,Male,Draygon,Draygon,1,[35]
568,569,Shadow Jacker,Alive,Mythological Creature,Dragon,Male,Draygon,Draygon,1,[35]
569,570,Chachi,Dead,Alien,,Male,unknown,Earth (Replacement Dimension),1,[35]
570,571,Slippy,Alive,Animal,Snake,Female,Earth (Replacement Dimension),Snake Planet,1,[36]
571,572,Robot Snake,unknown,Robot,Snake,Genderless,Snake Planet,Snake Planet,1,[36]
572,573,Snake Hitler,Dead,Animal,Snake,Male,Snake Planet,Snake Planet,1,[36]
573,574,Snake Lincoln,Dead,Animal,Snake,Male,Snake Planet,Snake Planet,1,[36]
574,575,Snake Resistance Robot,Dead,Robot,Human-Snake hybrid,Genderless,Snake Planet,Earth (Replacement Dimension),1,[36]
575,576,Snake Linguist,unknown,Animal,Snake,Male,Snake Planet,Snake Planet,1,[36]
576,577,Snake Terminator,unknown,Robot,Snake,Male,Snake Planet,Snake Planet,1,[36]
577,578,Snake Soldier,Alive,Animal,Snake,Male,Snake Planet,Snake Planet,1,[36]
578,579,Snake with Legs,Alive,Animal,Snake,Male,Snake Planet,Snake Planet,1,[36]
579,580,Secret Service Snake,Alive,Animal,Snake,Male,Snake Planet,Snake Planet,1,[36]
580,581,Anchosnake,Alive,Animal,Snake,Male,Snake Planet,Snake Planet,1,[36]
581,582,Anchosnake,Alive,Animal,Snake,Female,Snake Planet,Snake Planet,1,[36]
582,583,80's snake,unknown,Animal,Snake,Male,Snake Planet,Snake Planet,1,[36]
583,584,Bar Customer,Alive,Human,,Male,Earth (Replacement Dimension),Earth (Replacement Dimension),1,[36]
584,585,Bartender,Alive,Human,,Female,Earth (Replacement Dimension),Earth (Replacement Dimension),1,[36]
585,586,PC Basketball Player,Alive,Human,,Male,Earth (Replacement Dimension),Earth (Replacement Dimension),1,[36]
586,587,Cavesnake,Dead,Animal,Snake,Male,Snake Planet,Snake Planet,1,[36]
587,588,Pet Shop Employee,Alive,Human,,Male,Earth (Replacement Dimension),Earth (Replacement Dimension),1,[36]
588,589,Snake Reporter,Alive,Animal,Snake,Male,Snake Planet,Snake Planet,1,[36]
589,590,High Pilot,unknown,Human,,Male,Earth (Replacement Dimension),Earth (Replacement Dimension),1,[36]
590,591,High Pilot,unknown,Human,,Male,Earth (Replacement Dimension),Earth (Replacement Dimension),1,[36]
591,592,Phoenixperson,Dead,Alien,Cyborg,Male,Bird World,Earth (Replacement Dimension),3,"[22, 41, 49]"
592,593,Tickets Please Guy,Dead,Human,Soulless Puppet,Male,Story Train,Non-Diegetic Alternative Reality,1,[37]
593,594,Floaty Bloody Man,Dead,Human,Half Soulless Puppet,Male,Tickets Please Guy Nightmare,Tickets Please Guy Nightmare,1,[37]
594,595,Floaty Non-Gasm Brotherhood Member,Dead,Alien,Soulless Puppet,Male,Tickets Please Guy Nightmare,Tickets Please Guy Nightmare,1,[37]
595,596,Floaty Non-Gasm Brotherhood Member Friend,Dead,Alien,Soulless Puppet,Female,Tickets Please Guy Nightmare,Tickets Please Guy Nightmare,1,[37]
596,597,Abradolf Lincler,Alive,Human,Soulless Puppet,Male,Story Train,Story Train,1,[37]
597,598,Biblesaurus,Alive,Animal,Soulless Puppet,Male,Story Train,Story Train,1,[37]
598,599,Birdperson,Alive,Alien,Soulless Puppet,Male,Story Train,Story Train,1,[37]
599,600,Cats Fan,Alive,Alien,Soulless Puppet,Female,Story Train,Story Train,1,[37]
600,601,Christmas Storyteller,Alive,Alien,Soulless Puppet,Male,Story Train,Story Train,1,[37]
601,602,Cookies Guy,Alive,Human,Soulless Puppet,Male,Morty’s Story,Morty’s Story,1,[37]
602,603,Crossy,Alive,unknown,Soulless Puppet,Genderless,Ricks’s Story,Ricks’s Story,1,[37]
603,604,Female Scorpion,Dead,Animal,Soulless Puppet,Female,Morty’s Story,Morty’s Story,1,[37]
604,605,Floaty Bloody Man’s Daughter,Dead,Human,Soulless Puppet,Female,Tickets Please Guy Nightmare,Tickets Please Guy Nightmare,1,[37]
605,606,Goomby,Alive,Alien,Soulless Puppet,Male,Story Train,Story Train,1,[37]
606,607,Hairspray Fan,Alive,Alien,Soulless Puppet,Female,Story Train,Story Train,1,[37]
607,608,Jesus Christ,Alive,Human,Soulless Puppet,Male,Ricks’s Story,Ricks’s Story,1,[37]
608,609,Josh,Dead,Human,Soulless Puppet,Male,Tickets Please Guy Nightmare,Tickets Please Guy Nightmare,1,[37]
609,610,Josh's Sister,Dead,Human,Soulless Puppet,Female,Tickets Please Guy Nightmare,Tickets Please Guy Nightmare,1,[37]
610,611,Leah,Alive,unknown,Soulless Puppet,Female,Story Train,Story Train,1,[37]
611,612,Marcus,Alive,Human,Soulless Puppet,Male,Story Train,Story Train,1,[37]
612,613,Mike Johnson,Alive,Human,Soulless Puppet,Male,Morty’s Story,Morty’s Story,1,[37]
613,614,Mr. Celery & Friends,Alive,unknown,Soulless Puppet,Genderless,Ricks’s Story,Ricks’s Story,1,[37]
614,615,Musical Fan,Alive,Alien,Soulless Puppet,Male,Story Train,Story Train,1,[37]
615,616,Phantom of the Opera Fan,Alive,Alien,Soulless Puppet,Male,Story Train,Story Train,1,[37]
616,617,Phoenixperson,Alive,Alien,Soulless Puppet,Male,Story Train,Story Train,1,[37]
617,618,Private Smith,unknown,Human,Soulless Puppet,Male,Story Train,Story Train,1,[37]
618,619,Professor Sanchez,Dead,Human,Soulless Puppet,Male,Story Train,Story Train,1,[37]
619,620,Ramamama Lord,Alive,Human,Soulless Puppet,Male,Story Train,Story Train,1,[37]
620,621,Ruth Bader Ginsburg,Alive,Human,Soulless Puppet,Female,Morty’s Story,Morty’s Story,1,[37]
621,622,Sarge,Alive,Human,Soulless Puppet,Male,Story Train,Story Train,1,[37]
622,623,Shrek The Musical Fan,Alive,Alien,Soulless Puppet,Male,Story Train,Story Train,1,[37]
623,624,Snuffles,Alive,Animal,Soulless Puppet,Male,Story Train,Story Train,1,[37]
624,625,Storylord,Alive,Human,Soulless Puppet,Male,Story Train,Ricks’s Story,1,[37]
625,626,Tammy Guetermann,Alive,Human,Soulless Puppet,Female,Story Train,Story Train,1,[37]
626,627,The Concept of Time,Alive,unknown,Soulless Puppet,Genderless,Story Train,Story Train,1,[37]
627,628,Beth Smith,Alive,Human,Soulless Puppet,Female,Morty’s Story,Morty’s Story,1,[37]
628,629,Summer Smith,Alive,Human,Soulless Puppet,Female,Morty’s Story,Morty’s Story,1,[37]
629,630,Morty Smith,Alive,Human,Soulless Puppet,Male,Story Train,Story Train,1,[37]
630,631,Rick Sanchez,Alive,Human,Soulless Puppet,Male,Story Train,Story Train,1,[37]
631,632,Train Cop,Dead,Human,Soulless Puppet,Male,Story Train,Story Train,1,[37]
632,633,Train Cops,Alive,Human,Soulless Puppet,Female,Story Train,Story Train,1,[37]
633,634,Train Cops Instructor,Dead,Human,Soulless Puppet,Male,Story Train,Story Train,1,[37]
634,635,Darth Poopybutthole,Alive,Poopybutthole,Soulless Puppet,Male,Ricks’s Story,Ricks’s Story,1,[37]
635,636,Evil Morty,Alive,Human,Soulless Puppet,Male,Ricks’s Story,Ricks’s Story,1,[37]
636,637,Morty’s Disguise,Alive,Human,Soulless Puppet,Female,Story Train,Story Train,1,[37]
637,638,Rick’s Disguise,Alive,Human,Soulless Puppet,Male,Story Train,Story Train,1,[37]
638,639,Uncle Nibbles,Dead,Alien,Soulless Puppet,Male,Tickets Please Guy Nightmare,Tickets Please Guy Nightmare,1,[37]
639,640,Angry Glorzo,Dead,Alien,Glorzo,Male,Glorzo Asteroid,Glorzo Asteroid,1,[38]
640,641,Bruce,Dead,Alien,Glorzo,Male,Glorzo Asteroid,Glorzo Asteroid,1,[38]
641,642,Council of Glorzos Member,Dead,Alien,Glorzo,Male,Glorzo Asteroid,Glorzo Asteroid,1,[38]
642,643,Council of Glorzos Member,Dead,Alien,Glorzo,Male,Glorzo Asteroid,Glorzo Asteroid,1,[38]
643,644,Old Glorzo,Dead,Alien,Glorzo,Male,Glorzo Asteroid,Glorzo Asteroid,1,[38]
644,645,Shane,unknown,Alien,Glorzo,Male,Glorzo Asteroid,Glorzo Asteroid,1,[38]
645,646,Steve,Dead,Alien,Glorzo,Male,Glorzo Asteroid,Glorzo Asteroid,1,[38]
646,647,Troy,Dead,Alien,Glorzo,Male,Glorzo Asteroid,Glorzo Asteroid,1,[38]
647,648,Crystal Dealers Boss,Dead,Alien,,Male,unknown,Alien Acid Plant,1,[39]
648,649,Crystal Dealer,Dead,Alien,,Male,unknown,Alien Acid Plant,1,[39]
649,650,Crystal Dealer,Dead,Alien,,Male,unknown,Alien Acid Plant,1,[39]
650,651,Crystal Dealer,Dead,Alien,,Male,unknown,Alien Acid Plant,1,[39]
651,652,SWAT Officer,Dead,Human,,Male,Merged Universe,Merged Universe,1,[39]
652,653,Plane Crash Survivor,unknown,Human,,Female,Near-Duplicate Reality,Near-Duplicate Reality,1,[39]
653,654,Plane Crash Survivor,unknown,Human,,Male,Near-Duplicate Reality,Near-Duplicate Reality,1,[39]
654,655,Heroine Keith,Alive,Human,,Male,Near-Duplicate Reality,Merged Universe,1,[39]
655,656,Impervious to Acid SWAT Officer,Dead,Human,,Male,Merged Universe,Merged Universe,1,[39]
656,657,Johnny Carson,Alive,Human,,Male,Merged Universe,Merged Universe,1,[39]
657,658,Sonia Sotomayor,Alive,Human,,Female,Merged Universe,Merged Universe,1,[39]
658,659,Morty’s Father-in-law,Alive,Human,,Male,Near-Duplicate Reality,Near-Duplicate Reality,1,[39]
659,660,Morty’s Mother-in-law,Alive,Human,,Female,Near-Duplicate Reality,Near-Duplicate Reality,1,[39]
660,661,Morty’s Girlfriend,Alive,Human,,Female,Near-Duplicate Reality,Merged Universe,1,[39]
661,662,Gaia,Alive,unknown,Planet,Female,Gaia,Gaia,1,[40]
662,663,Reggie,Dead,Mythological Creature,Zeus,Male,Mount Olympus,Gaia,1,[40]
663,664,Ticktock,unknown,Humanoid,Clay-Person,Genderless,Gaia,Gaia,1,[40]
664,665,Florflock,Alive,Humanoid,Clay-Person,Genderless,Gaia,Gaia,1,[40]
665,666,Squeeb,Alive,Humanoid,Clay-Person,Genderless,Gaia,Gaia,1,[40]
666,667,Defiance Beth,Alive,Human,Clone,Female,Earth (Replacement Dimension),Earth (Replacement Dimension),2,"[41, 43]"
667,668,Defiance Squanchette,Alive,Alien,Cat-Person,Female,Planet Squanch,Defiance's Ship,1,[41]
668,669,Defiance Doctor,Alive,Alien,,Male,unknown,Defiance's Base,1,[41]
669,670,New Improved Galactic Federation Guard,Dead,Alien,Gromflomite,Male,Gromflom Prime,NX-5 Planet Remover,1,[41]
670,671,New Improved Galactic Federation Guard,Dead,Alien,Gromflomite,Male,Gromflom Prime,NX-5 Planet Remover,1,[41]
671,672,Mr. Nimbus,Alive,Mythological Creature,Sexy Aquaman,Male,The Ocean,Earth (Replacement Dimension),1,[42]
672,673,Hoovy,Dead,Humanoid,Narnian,Male,Narnia Dimension,Narnia Dimension,1,[42]
673,674,Bova,Dead,Humanoid,Narnian,Female,Narnia Dimension,Narnia Dimension,1,[42]
674,675,Japheth,Dead,Humanoid,Narnian,Male,Narnia Dimension,Narnia Dimension,1,[42]
675,676,Japheth's Middle Son,Dead,Humanoid,Narnian,Male,Narnia Dimension,Narnia Dimension,1,[42]
676,677,Japheth's Eldest Son,Dead,Humanoid,Narnian,Male,Narnia Dimension,Narnia Dimension,1,[42]
677,678,Japheth's Youngest Son,Dead,Humanoid,Narnian,Male,Narnia Dimension,Narnia Dimension,1,[42]
678,679,Japheth's Grandson,Dead,Humanoid,Narnian,Male,Narnia Dimension,Narnia Dimension,1,[42]
679,680,Adam,Dead,Humanoid,Narnian,Male,Narnia Dimension,Earth (Replacement Dimension),1,[42]
680,681,Adam's Mother,Dead,Humanoid,Narnian,Female,Narnia Dimension,Narnia Dimension,1,[42]
681,682,Warlock,Dead,Humanoid,Narnian,Male,Narnia Dimension,Narnia Dimension,1,[42]
682,683,Evolved Narnian,Alive,Humanoid,Narnian,Male,Narnia Dimension,Narnia Dimension,1,[42]
683,684,Mr. Nimbus Secretary,Alive,Animal,Starfish,Female,The Ocean,Earth (Replacement Dimension),1,[42]
684,685,Evolved Narnian Disguised as Morty,Alive,Humanoid,Narnian,Male,Narnia Dimension,Narnia Dimension,1,[42]
685,686,Mr. Nimbus' Squid,Dead,Animal,Squid,Male,The Ocean,Earth (Replacement Dimension),1,[42]
686,687,Scarecrow Rick,Dead,Robot,Decoy,Male,Earth (Replacement Dimension),Earth (Replacement Dimension),1,[43]
687,688,Scarecrow Summer,Dead,Robot,Decoy,Female,Earth (Replacement Dimension),Earth (Replacement Dimension),1,[43]
688,689,Scarecrow Jerry,Dead,Robot,Decoy,Male,Earth (Replacement Dimension),Earth (Replacement Dimension),1,[43]
689,690,Scarecrow Morty,Dead,Robot,Decoy,Male,Earth (Replacement Dimension),Earth (Replacement Dimension),1,[43]
690,691,Scarecrow Beth,Dead,Robot,Decoy,Female,Earth (Replacement Dimension),Earth (Replacement Dimension),1,[43]
691,692,Glockenspiel Jerry,Alive,Robot,Decoy,Male,Earth (Replacement Dimension),Earth (Replacement Dimension),1,[43]
692,693,Glockenspiel Beth,Dead,Robot,Decoy,Female,Earth (Replacement Dimension),Earth (Replacement Dimension),1,[43]
693,694,Glockenspiel Rick,Dead,Robot,Decoy,Male,Earth (Replacement Dimension),Earth (Replacement Dimension),1,[43]
694,695,Glockenspiel Summer,Dead,Robot,Decoy,Female,Earth (Replacement Dimension),Earth (Replacement Dimension),1,[43]
695,696,Glockenspiel Morty,Dead,Robot,Decoy,Male,Earth (Replacement Dimension),Earth (Replacement Dimension),1,[43]
696,697,Wicker Beth,Dead,Robot,Decoy,Female,Earth (Replacement Dimension),Earth (Replacement Dimension),1,[43]
697,698,Wicker Rick,Dead,Robot,Decoy,Male,Earth (Replacement Dimension),Earth (Replacement Dimension),1,[43]
698,699,Wicker Morty,Dead,Robot,Decoy,Male,Earth (Replacement Dimension),Earth (Replacement Dimension),1,[43]
699,700,Wicker Summer,Dead,Robot,Decoy,Female,Earth (Replacement Dimension),Earth (Replacement Dimension),1,[43]
700,701,Metal Rick,Dead,Robot,Decoy,Male,Earth (Replacement Dimension),Earth (Replacement Dimension),1,[43]
701,702,Gun Brain Rick,Dead,Robot,Decoy,Male,Earth (Replacement Dimension),Earth (Replacement Dimension),1,[43]
702,703,Mr. Always Wants to be Hunted,Alive,Poopybutthole,,Male,unknown,Earth (Replacement Dimension),1,[43]
703,704,Squid Costume Beth,Dead,Robot,Decoy,Female,Earth (Replacement Dimension),Earth (Replacement Dimension),1,[43]
704,705,Squid Costume Jerry,Dead,Robot,Decoy,Male,Earth (Replacement Dimension),Earth (Replacement Dimension),1,[43]
705,706,Squid Costume Morty,Dead,Robot,Decoy,Male,Earth (Replacement Dimension),Earth (Replacement Dimension),1,[43]
706,707,Squid Costume Rick,Dead,Robot,Decoy,Male,Earth (Replacement Dimension),Earth (Replacement Dimension),1,[43]
707,708,Squid Costume Summer,Dead,Robot,Decoy,Female,Earth (Replacement Dimension),Earth (Replacement Dimension),1,[43]
708,709,Dracula,Alive,Mythological Creature,Vampire,Male,Interdimensional Cable,Interdimensional Cable,1,[43]
709,710,Steve,Alive,Human,,Male,Earth (Replacement Dimension),Earth (Replacement Dimension),1,[43]
710,711,When Wolf,Alive,Mythological Creature,Whenwolf,Male,Interdimensional Cable,Interdimensional Cable,1,[43]
711,712,Too Cute to Murder Beth,Dead,Robot,Decoy,Female,Earth (Replacement Dimension),Earth (Replacement Dimension),1,[43]
712,713,Too Cute to Murder Rick,Dead,Robot,Decoy,Male,Earth (Replacement Dimension),Earth (Replacement Dimension),1,[43]
713,714,Too Cute to Murder Jerry,Dead,Robot,Decoy,Male,Earth (Replacement Dimension),Earth (Replacement Dimension),1,[43]
714,715,Too Cute to Murder Morty,Dead,Robot,Decoy,Male,Earth (Replacement Dimension),Earth (Replacement Dimension),1,[43]
715,716,Too Cute to Murder Summer,Dead,Robot,Decoy,Female,Earth (Replacement Dimension),Earth (Replacement Dimension),1,[43]
716,717,Planetina,Alive,Humanoid,Summon,Female,Elemental Rings,Earth (Replacement Dimension),1,[44]
717,718,Daphne,Alive,Alien,Morglutzian,Female,Morglutz,Ferkus 9,1,[44]
718,719,Diesel Weasel,Alive,Animal,Weasel,Male,Earth (Replacement Dimension),Earth (Replacement Dimension),1,[44]
719,720,Eddie,Dead,Human,,Male,Earth (Replacement Dimension),Earth (Replacement Dimension),1,[44]
720,721,Xing Ho,Dead,Human,,Female,Earth (Replacement Dimension),Earth (Replacement Dimension),1,[44]
721,722,Air Tina-Teer,Dead,Human,,Female,Earth (Replacement Dimension),Earth (Replacement Dimension),1,[44]
722,723,Water Tina-Teer,Dead,Human,,Male,Earth (Replacement Dimension),Earth (Replacement Dimension),1,[44]
723,724,Planetina Buyer,Dead,Human,,Male,Earth (Replacement Dimension),Earth (Replacement Dimension),1,[44]
724,725,Tony Galopagus,Alive,Human,,Male,Earth (Replacement Dimension),Earth (Replacement Dimension),1,[44]
725,726,Sticky,Alive,unknown,Super Sperm Monster,Male,Morty,Earth (Replacement Dimension),1,[45]
726,727,Professor Shabooboo,Dead,Human,,Male,Earth (Replacement Dimension),Earth (Replacement Dimension),1,[45]
727,728,Sperm Queen,Dead,unknown,Super Sperm Monster,Female,Morty,Earth (Replacement Dimension),1,[45]
728,729,CHUD King,Alive,Animal,CHUD,Male,Earth (Replacement Dimension),Earth (Replacement Dimension),1,[45]
729,730,Princess Ponietta,Alive,Animal,CHUD,Female,Earth (Replacement Dimension),Earth (Replacement Dimension),1,[45]
730,731,Naruto Smith,Alive,Humanoid,Giant Incest Baby,Male,Earth (Replacement Dimension),Space,2,"[45, 48]"
731,732,Blazen,Dead,Human,,Male,Earth (Replacement Dimension),Earth (Replacement Dimension),1,[45]
732,733,Kathy Ireland,Alive,Human,,Female,Earth (Replacement Dimension),Earth (Replacement Dimension),1,[45]
733,734,Amazing Johnathan,Alive,Human,,Male,Earth (Replacement Dimension),Earth (Replacement Dimension),1,[45]
734,735,Foal Sanchez,Alive,Humanoid,CHUD Human Mix,unknown,Earth (Replacement Dimension),Earth (Replacement Dimension),1,[45]
735,736,Spaceman,Dead,Human,,Male,Earth (Replacement Dimension),Space,1,[45]
736,737,Cirque du Soleil Zumanity Member,Alive,Human,,Female,Near-Duplicate Reality,Earth (Replacement Dimension),1,[45]
737,738,Cirque du Soleil Zumanity Member,Alive,Human,,Male,Earth (Replacement Dimension),Earth (Replacement Dimension),1,[45]
738,739,Cirque du Soleil Zumanity Member,Alive,Human,,Female,Earth (Replacement Dimension),Earth (Replacement Dimension),1,[45]
739,740,Cirque du Soleil Zumanity Member,Dead,Human,,Female,Earth (Replacement Dimension),Earth (Replacement Dimension),1,[45]
740,741,Cirque du Soleil Zumanity Member,Alive,Human,,Female,Earth (Replacement Dimension),Earth (Replacement Dimension),1,[45]
741,742,Bruce Chutback,Alive,Human,,Male,Earth (Replacement Dimension),Earth (Replacement Dimension),1,[46]
742,743,Alyson Hannigan,Dead,Alien,,Female,unknown,Z. Q. P. D.,1,[46]
743,744,Cenobite,unknown,Mythological Creature,Demon,Male,Hell,Hell,1,[46]
744,745,Cenobite,unknown,Mythological Creature,Demon,Female,Hell,Hell,1,[46]
745,746,Cenobite,unknown,Mythological Creature,Demon,Male,Hell,Hell,1,[46]
746,747,Cenobite,unknown,Mythological Creature,Demon,Male,Hell,Hell,1,[46]
747,748,Cenobite,unknown,Mythological Creature,Demon,Male,Hell,Hell,1,[46]
748,749,Coat Rack Head,unknown,Mythological Creature,Demon,Male,Hell,Hell,1,[46]
749,750,Mousetrap Nipples,unknown,Mythological Creature,Demon,Male,Hell,Hell,1,[46]
750,751,Changeformer,Dead,Robot,Changeformer,Male,Space Tahoe,Space Tahoe,1,[46]
751,752,Changeformer,Dead,Robot,Changeformer,Male,Space Tahoe,Space Tahoe,1,[46]
752,753,Space Cruiser,Alive,Robot,Artificial Intelligence,Female,Earth (Replacement Dimension),Earth (Replacement Dimension),2,"[17, 47]"
753,754,Coop,Alive,Human,,Male,Earth (Replacement Dimension),Earth (Replacement Dimension),1,[47]
754,755,Dwayne,Alive,Human,,Male,Earth (Replacement Dimension),Earth (Replacement Dimension),1,[47]
755,756,Franklin D. Roosevelt,Dead,Humanoid,Guinea Pig for the Polio Vaccine,Male,Earth (Replacement Dimension),Earth (Replacement Dimension),1,[47]
756,757,President's General,Alive,Human,,Male,Earth (Replacement Dimension),Earth (Replacement Dimension),2,"[45, 47]"
757,758,Giant Assassin Hidden in the Statue of Liberty,Alive,Robot,,Female,France,Earth (Replacement Dimension),1,[47]
758,759,Turkey Morty,Alive,Animal,Turkey,Male,Earth (Replacement Dimension),Earth (Replacement Dimension),1,[47]
759,760,Turkey Rick,Alive,Animal,Turkey,Male,Earth (Replacement Dimension),Earth (Replacement Dimension),1,[47]
760,761,Turkey President Curtis,Alive,Animal,Turkey,Male,Earth (Replacement Dimension),Earth (Replacement Dimension),1,[47]
761,762,Martínez,Dead,Animal,Turkey,Male,Earth (Replacement Dimension),Earth (Replacement Dimension),1,[47]
762,763,Marvin,Alive,Human,,Male,Earth (Replacement Dimension),Earth (Replacement Dimension),1,[47]
763,764,Jackey,Alive,Human,,Male,Earth (Replacement Dimension),Earth (Replacement Dimension),1,[47]
764,765,Native Alien,Alive,Alien,,Male,unknown,Earth (Replacement Dimension),1,[47]
765,766,Pilgrim Alien,Alive,Alien,,Male,unknown,Earth (Replacement Dimension),1,[47]
766,767,President Turkey,Dead,Humanoid,Turkey Human Mix,Male,Earth (Replacement Dimension),Earth (Replacement Dimension),1,[47]
767,768,Mary-Lou,Alive,Human,,Female,Earth (Replacement Dimension),Earth (Replacement Dimension),1,[47]
768,769,Big Fat rick,unknown,Human,,Male,unknown,Earth (Replacement Dimension),1,[48]
769,770,Hothead Rick,Dead,Human,,Male,unknown,Earth (Replacement Dimension),1,[48]
770,771,Ricardo Montoya,unknown,Human,,Male,unknown,Earth (Replacement Dimension),1,[48]
771,772,Wrap-it-up Little Rick,Dead,Human,,Male,unknown,Earth (Replacement Dimension),1,[48]
772,773,Yo-yo Rick,unknown,Human,,Male,unknown,Earth (Replacement Dimension),1,[48]
773,774,Voiceoverian,Dead,Alien,Parasite,unknown,unknown,Earth (Replacement Dimension),1,[48]
774,775,Voiceoverian,Dead,Alien,Parasite,unknown,unknown,Earth (Replacement Dimension),1,[48]
775,776,Gotron Pilot,Dead,Human,Anime,Male,unknown,Earth (Replacement Dimension),1,[48]
776,777,Gotron Pilot,Dead,Human,Anime,Male,unknown,Earth (Replacement Dimension),1,[48]
777,778,Gotron Pilot,Dead,Human,Anime,Male,unknown,Earth (Replacement Dimension),1,[48]
778,779,Young Memory Rick,Alive,Human,Memory,Male,Birdperson's Consciousness,Rick's Memories,1,[49]
779,780,Memory Tammy,Dead,Human,Memory,Female,Birdperson's Consciousness,Birdperson's Consciousness,1,[49]
780,781,Rick's Garage,Alive,Robot,Artificial Intelligence,Female,Earth (Replacement Dimension),Earth (Replacement Dimension),1,[49]
781,782,Memory Squanchy,Dead,Alien,Memory,Male,Birdperson's Consciousness,Birdperson's Consciousness,1,[49]
782,783,Memory Rick,Dead,Human,Memory,Male,Birdperson's Consciousness,Birdperson's Consciousness,1,[49]
783,784,Memory Rick,Dead,Human,Memory,Male,Birdperson's Consciousness,Birdperson's Consciousness,1,[49]
784,785,Memory Geardude,Dead,Alien,Memory,Male,Birdperson's Consciousness,Birdperson's Consciousness,1,[49]
785,786,Birdperson & Tammy's Child,Alive,Humanoid,Bird-Person Human Mix,Female,Earth (Replacement Dimension),Earth (Replacement Dimension),1,[49]
786,787,Two Crows,Alive,Animal,Crow,unknown,Earth (Replacement Dimension),Rick and Two Crows Planet,2,"[50, 51]"
787,788,Mr. Cookie President,Alive,Alien,Cookie,Male,unknown,Earth (Replacement Dimension),1,[50]
788,789,Nick,Dead,Human,,Male,Earth (Replacement Dimension),Earth (Replacement Dimension),1,[50]
789,790,Harold (Garbage Goober),Alive,Alien,,Male,unknown,Earth (Replacement Dimension),1,[50]
790,791,Harold's Wife,Alive,Alien,,Female,unknown,Earth (Replacement Dimension),1,[50]
791,792,Alien Crow,Dead,Alien,Crow,Male,Avian Planet,Avian Planet,1,[50]
792,793,Alien Crow,Dead,Alien,Crow,Female,Avian Planet,Avian Planet,1,[50]
793,794,Samansky,Dead,Alien,Normal Size Bug,Male,Normal Size Bug Dimension,Earth (Replacement Dimension),1,[48]
794,795,Palicki,Alive,Alien,Normal Size Bug,Male,Normal Size Bug Dimension,Normal Size Bug Dimension,1,[48]
795,796,Sarge,Alive,Alien,Normal Size Bug,Male,Normal Size Bug Dimension,Normal Size Bug Dimension,1,[48]
796,797,Slartivartian,Dead,Alien,Slartivartian,Male,Slartivart,Slartivart,1,[44]
797,798,Ferkusian,Alive,Alien,Ferkusian,Male,Ferkus 9,Ferkus 9,1,[44]
798,799,Morglutzian,Dead,Alien,Morglutzian,Male,Morglutz,Morglutz,1,[44]
799,800,Super Turkey,Dead,Humanoid,Turkey Human Mix,Male,Earth (Replacement Dimension),Earth (Replacement Dimension),1,[47]
800,801,7+7 Years Old Morty,unknown,Human,,Male,Citadel of Ricks,Citadel of Ricks,1,[51]
801,802,26 Years Old Morty,Dead,Human,,Male,Citadel of Ricks,Citadel of Ricks,1,[51]
802,803,40 Years Old Morty,unknown,Human,,Male,Citadel of Ricks,Citadel of Ricks,1,[51]
803,804,Andy,unknown,Human,Mascot,Male,unknown,Citadel of Ricks,1,[51]
804,805,Baby Mouse Skin Morty,Alive,Human,,Male,Citadel of Ricks,Citadel of Ricks,1,[51]
805,806,Metaphor for Capitalism,Dead,Humanoid,,Male,Citadel of Ricks,Citadel of Ricks,1,[51]
806,807,Beth Sanchez,Dead,Human,,Female,Earth (C-137),Rick's Memories,1,[51]
807,808,Crow Scare,Alive,Humanoid,Scarecrow,Male,Rick and Two Crows Planet,Rick and Two Crows Planet,1,[51]
808,809,Pussifer,Dead,Animal,Tiger,Male,Rick and Two Crows Planet,Rick and Two Crows Planet,1,[51]
809,810,Stan Lee Rick,unknown,Human,,Male,unknown,Citadel of Ricks,1,[51]
810,811,Re-Build-a-Morty Morty,unknown,Human,,Male,unknown,Citadel of Ricks,1,[51]
811,812,Deformed Morty,Dead,Humanoid,,Male,Citadel of Ricks,Citadel of Ricks,1,[51]
812,813,Crow Horse,Alive,Robot,Crow Horse,unknown,Rick and Two Crows Planet,Earth (Replacement Dimension),1,[51]
813,814,Bald Rick,Dead,Human,,Male,unknown,Rick's Memories,1,[51]
814,815,Punk Rick,Dead,Human,,Male,unknown,Rick's Memories,1,[51]
815,816,Party Rick,Dead,Human,,Male,unknown,Rick's Memories,1,[51]
816,817,Scar Rick,Dead,Human,,Male,unknown,Rick's Memories,1,[51]
817,818,Long Hair Rick,unknown,Human,,Male,unknown,Citadel of Ricks,1,[51]
818,819,Redhead Rick,Dead,Human,,Male,unknown,Citadel of Ricks,1,[51]
819,820,Redhead Morty,Dead,Human,,Male,unknown,Citadel of Ricks,1,[51]
820,821,Gotron,unknown,Robot,Ferret Robot,Genderless,Earth (Replacement Dimension),Earth (Replacement Dimension),1,[48]
821,822,Young Jerry,unknown,Human,,Male,Earth (Unknown dimension),Earth (Unknown dimension),1,[51]
822,823,Young Beth,unknown,Human,,Female,Earth (Unknown dimension),Earth (Unknown dimension),1,[51]
823,824,Young Beth,unknown,Human,,Female,Earth (Unknown dimension),Earth (Unknown dimension),1,[51]
824,825,Young Jerry,unknown,Human,,Male,Earth (Unknown dimension),Earth (Unknown dimension),1,[51]
825,826,Butter Robot,Alive,Robot,Passing Butter Robot,Genderless,Earth (Replacement Dimension),Earth (Replacement Dimension),1,[9]
